,3.0,4.2,6.0,8.5,12.0,17.0,24.0,33.9,48.0
0,0.46729217252640426,0.3054897684409449,0.380193807838608,0.3891181459491926,0.3202809977672859,0.371345967571476,0.2163824894147183,0.23734170563712398,0.45414759844403935
1,0.3588617131573949,0.3777126449539518,0.3634725082130643,0.29819634861110766,0.5142892451220302,0.344421271101812,0.27056811929847047,0.2880434963442692,0.3260273067876927
2,0.42887112944772166,0.45619658304948585,0.35321476545953523,0.27201267400207935,0.3939388614457278,0.2694348957416938,0.26358938369774276,0.2962514299992202,0.40808293074658614
3,0.4223562963134039,0.43571353861021295,0.40292642362066045,0.2025166881487044,0.4262032179375552,0.3767658020287801,0.27850480348503054,0.17690814053546808,0.4196977429099773
4,0.36655912122782963,0.46295454137917275,0.3687414972943173,0.2978117729669709,0.33658002811978915,0.36601301943001907,0.2824785231213741,0.31376001895428346,0.34669413109603703
5,0.3007216903818116,0.3861186951344886,0.3784614585951924,0.29712550840144236,0.4931965033841565,0.45678443362527754,0.23391793228441854,0.21868593536367323,0.3765804964193326
6,0.3362372939537739,0.3403817514703599,0.5059527589642167,0.3879913548606913,0.3815714110799955,0.3318639420559918,0.24091774146700665,0.26449221246817795,0.35218418726957934
7,0.37283598488194786,0.3329416061105891,0.4067539887144958,0.34303432646279985,0.32690909681949787,0.40095906509302426,0.2998929355872681,0.3027978962571359,0.3554677536630346
8,0.3751885891301646,0.3964560674580092,0.449707919655183,0.27794755992596765,0.4036102608017071,0.3387807503337319,0.2619776352719874,0.36502100365381085,0.2729028673592315
9,0.5147096345491916,0.3881306768574133,0.2737667458832025,0.2544888593086538,0.3141501872177203,0.29324593418572337,0.12321892843692335,0.22281391125947636,0.7570677758914885
10,0.38309506503359964,0.2709319186723032,0.4115204159206868,0.19015803842518855,0.47054465588908245,0.3835606553239812,0.2431223101326648,0.28552612493686036,0.5031334692554259
11,0.3540818221487739,0.395133550431162,0.3327023629488523,0.26848438873542185,0.29076518679656305,0.41645906641334035,0.19116312104310182,0.3006797513873892,0.5921234036851887
12,0.3783355157660397,0.3750403520828103,0.39601604250494404,0.31146144843090523,0.39136645736903497,0.31609086860802293,0.3507415039974506,0.25038917975155467,0.37215128507903106
13,0.39827075793258787,0.41830067550234695,0.4093492313187558,0.28784055207100434,0.2729217130406953,0.3004144631158848,0.38778962773771647,0.23809486768199656,0.428610765188805
14,0.40702707996013565,0.40495092810906813,0.4157026433953544,0.15771726968563402,0.37707419846587537,0.33293496728364924,0.2675948449320848,0.27181136714674337,0.5067793546112482
15,0.3798545415103046,0.4448185036095317,0.3914855218680954,0.2785996496194432,0.3315142736900825,0.31335184779503467,0.2304636711562779,0.30920057680406315,0.4623040675369598
16,0.42594622286814054,0.3594623511409993,0.3029193959195493,0.37140631232321175,0.3118330186867528,0.33077228522163366,0.33449430930972235,0.3282387209180137,0.37652003720176924
17,0.38708691358766356,0.5892755187542071,0.2983373644145857,0.31524376062129655,0.4239773877357451,0.2038841263223768,0.20899576013552376,0.3119111399847971,0.40288068203359767
18,0.39320605405010395,0.5114245458142948,0.3086381229388355,0.33995811718311575,0.3200475515928044,0.3247893054823698,0.2850957964795282,0.31112403166929403,0.34730912837944633
19,0.4371080132349645,0.3916521016258291,0.2922993062521776,0.3320269728964086,0.32706448234043994,0.3417464022673856,0.20790452877908017,0.34029274851334484,0.4714980976801628
20,0.3599948045366481,0.4192223828509435,0.360554206670975,0.3721841575693467,0.4096765842939909,0.3046096423743998,0.27260897960780384,0.27499814404565986,0.36774375164002565
21,0.46427235578880915,0.4077870023061162,0.34573153657769035,0.31340798250418606,0.384009371095399,0.3735679944060622,0.21604325642948025,0.2774960559521647,0.35927709852988543
22,0.4013421343007645,0.3953650477869778,0.41837354315862657,0.31515777028920894,0.40891025405955284,0.2791470660945338,0.18911182921962136,0.3230842648793539,0.41110074380115347
23,0.40663461307766835,0.32905567726047025,0.35831144216503924,0.3836566026425017,0.32964167300268565,0.3226463645376957,0.21559758388530184,0.3812810678135597,0.41476762920487065
24,0.3862346099068915,0.5148018938056506,0.49963775776466346,0.29033199711731095,0.2895013987107236,0.32359584771899336,0.20644263286348344,0.19671387634712859,0.434332639354948
25,0.39303450716939026,0.4280857075732705,0.3735650099091674,0.3294037817510157,0.32648503383053273,0.2834268436569145,0.31838843000745787,0.3669775837363653,0.3222257559556784
26,0.3491113956982754,0.401161220592519,0.306478703640221,0.4041668323672484,0.3547134567563016,0.3293023353790608,0.23999436995100762,0.3508554076421188,0.4058089315630411
27,0.3546994778101898,0.42245906392106525,0.35324173045973845,0.26087153810195846,0.33666087811652873,0.3185174522790887,0.2998954294800424,0.3354984101116253,0.4597486733095561
28,0.38667318023182046,0.3734329845364674,0.35637461869848663,0.42682769424445355,0.39015887076378314,0.3047292795113383,0.17794390982198374,0.2224653426316854,0.5029867731497747
29,0.35281922011923667,0.39991956016550484,0.2835589568096201,0.2723778324420352,0.41483937820535893,0.32091314885336397,0.23076543657037765,0.3323615222291318,0.5340375981951639
30,0.40324111597637335,0.44859982730044656,0.4235613266615912,0.4128675333355769,0.2917715280559805,0.34339393645247446,0.19754041604916883,0.2822196637074492,0.3383973060507316
31,0.43538828353429876,0.34077078242314496,0.29681124669285264,0.37230537246449097,0.36449066693923654,0.3334377402128732,0.25466580220407775,0.35998681297592205,0.38373594614289624
32,0.42895887662192844,0.3559906810825114,0.3195743664995693,0.29274007941260755,0.3810568330390664,0.3631791373350612,0.2572359482749844,0.32302115907850454,0.4198355722455604
33,0.3741088006014411,0.42349409513639297,0.42087416695063834,0.257546976001754,0.352160401800748,0.4118755054924564,0.2526368571982297,0.3142877846238618,0.33460806578427105
34,0.3875910377706663,0.3912035543372381,0.4380593855521671,0.221587284960268,0.33275954945096853,0.3460661893549926,0.3108743880004801,0.33940385057781386,0.37404741358519866
35,0.42879561701954555,0.3864573856876205,0.400684937098754,0.2666284201046989,0.3162995753119691,0.29660077292926795,0.3574701862668999,0.22580315329093154,0.4628526058801057
36,0.3884216015905987,0.4582955354124151,0.22055794490303457,0.28209811413219016,0.4360077647538615,0.32415599658655053,0.22351644264982948,0.3061660653047149,0.5023731882565986
37,0.42227955226046027,0.33010776206287984,0.34559294569158483,0.39484334945016025,0.378618235809354,0.32484287991226257,0.20573944780069692,0.32300015111512853,0.4165683294872654
38,0.37532405387019846,0.31427755482956116,0.39969268688991516,0.31502799478226373,0.4110589821119668,0.4267703094155593,0.2444177983185422,0.2811419703387108,0.3738813030330758
39,0.4191735893081949,0.35622600872087207,0.3485382278672432,0.3165795369172264,0.38035052760274574,0.36376191110349304,0.2963296356938782,0.2099949689966228,0.4506382473795164
40,0.43389954606867925,0.44088294778267506,0.4066569365658428,0.36681890722231913,0.34032352174574093,0.2985114082002708,0.2638330010079696,0.19128322673328244,0.3993831582630131
41,0.413761065846758,0.3687396223191154,0.43239218856485007,0.31131425234145643,0.48516122325888894,0.3154337785410299,0.2544427714742169,0.25245270532511266,0.30789504591836514
42,0.3413805053815409,0.34861705621833683,0.40559041082102787,0.3873332218800044,0.4027278426981413,0.30893182971266375,0.26450814994283106,0.291099218988262,0.39140441794698494
43,0.3813108370829125,0.37058607762815404,0.3974811963968614,0.3539286179796,0.3837345688052366,0.23732691172801376,0.1340692714721543,0.24987598034091182,0.6332791921559491
44,0.43494782713819746,0.41927927176922375,0.47246091805472407,0.1921617186135923,0.299985754583606,0.26174612177850415,0.3567537464883784,0.27247671687247443,0.431780578291093
45,0.09424357059640037,0.12838139582112004,0.44078679994711967,0.22051365620003768,0.8954251763246583,0.5758427570965373,0.221099178205369,0.37349409977680986,0.19180601962174118
46,0.16799395960908559,0.27906445887139597,0.42471892271885187,0.23538508330342178,0.3878354465331807,0.4417358037963554,0.3092209265989031,0.45890827302023307,0.4367297791383656
47,0.25097395205229295,0.27970568954660463,0.33964899072119503,0.3313997661784968,0.6146220738461332,0.3572321405543315,0.3168596872871349,0.26300657795563487,0.3881437754479695
48,0.21693965332046938,0.26647925298079256,0.402663381188532,0.22396455434850818,0.47513122721507406,0.300823144124423,0.240253918965148,0.8046295780288543,0.21070794341799215
49,0.3271718351800626,0.3839484783379265,0.3797986757548511,0.3018717983082552,0.34427887716372163,0.34485639632160764,0.29425703145840193,0.24370607207230813,0.521703488992658
50,0.3428270002002568,0.37071372240621286,0.3180527984265052,0.40021184834724505,0.4151579008539576,0.4252937813599615,0.2508845998431891,0.3152170887195508,0.30323391343291434
51,0.4379654376772005,0.30662473717242217,0.34007142456509026,0.4088135613900466,0.43533578234913345,0.28254246040486486,0.2175123768433204,0.31456786543674164,0.3981590077509733
52,0.3770397565401063,0.43494494339458617,0.40199504636686245,0.29688102176699493,0.38786924704999903,0.36178556608265255,0.2581006069747703,0.27201312134378836,0.350963344070033
53,0.33657773330994095,0.4533097183605411,0.3028166399363643,0.3744526184810387,0.4246518571319457,0.39594094439039773,0.295285188209107,0.2666478081372815,0.29191014563317585
54,0.31830516007055976,0.3442505644195011,0.5122118327807149,0.41277713586056153,0.46935284599626664,0.3175974206339798,0.2288432761764982,0.22837179254598738,0.30988262510572406
55,0.49601027915578166,0.4799533081324683,0.2414542050446843,0.20908663305923356,0.5747740157589322,0.20494679016325748,0.21516702854837844,0.34273909624243815,0.37746129748461965
56,0.4659452900188751,0.4717515896300907,0.34673388558382845,0.2509190676846045,0.38378259226042893,0.4340185975649642,0.18155502194322728,0.3480968392970203,0.2587897696067542
57,0.6193791542040231,0.3839094262004454,0.3521228198079179,0.09973522571778609,0.3482252245165944,0.6417724391095012,0.21841671295757556,0.1812861703801803,0.29674548069576956
58,0.4464454219054804,0.4863932156325433,0.38266213531331494,0.29407377785331673,0.3435444752191372,0.30586621301675,0.2760465433008357,0.20937567260493908,0.3971851987434758
59,0.41517341252464884,0.33196826871574303,0.4682244822074713,0.30843024103269284,0.4176949299541274,0.4401710376082288,0.25499384979096434,0.16059403598989389,0.34434239576602244
60,0.33133681656733904,0.4242859716820557,0.39379393371096705,0.3367023213971622,0.43280495035400307,0.39959500011689086,0.16296048871442556,0.2996201023132037,0.36049306873374654
61,0.3528043487782715,0.4022392219797524,0.3040274025918502,0.3599706087507407,0.31167164553892474,0.37885252511696416,0.20009060071089976,0.28451709111633816,0.5474192090060516
62,0.4531139934151018,0.8083043363125839,0.30862118435952984,0.323367982028421,0.2931250341485419,0.21425618115374512,0.3574979494984198,0.15475030800514783,0.22855568466830223
63,0.4504136684066197,0.4340666965001156,0.37297667387737243,0.32428070756242633,0.3156562642257436,0.34298122473795284,0.24876272867505686,0.25953135235675906,0.3929233372477465
64,0.5649726643876928,0.36676704294955204,0.42185672602144136,0.09948223490060507,0.28203398649295297,0.7145287576843757,0.18834679846861038,0.17061438535501397,0.3329900573295492
65,0.4262058326454438,0.35624922514569135,0.38101589553204546,0.2828124184213929,0.35672432864100934,0.4043067349556535,0.2375761944658517,0.18278886728259683,0.5139131565001078
66,0.2471692792572235,0.26085305905640854,0.28646335629736785,0.5203731711143721,0.5003744051803947,0.47043395987257697,0.19112020299278965,0.4239359385330822,0.2408692812855775
67,0.3890393065204955,0.3147570526736717,0.27083183372737496,0.292678339061025,0.5240270324496858,0.33132558240536786,0.1948486096033004,0.2501519629782591,0.5739329341706129
68,0.3976770338360193,0.4142904174642529,0.2846520981952957,0.20722714491868613,0.3509325129030925,0.34206529378672185,0.2489790201139358,0.5089957932683881,0.38677333910340106
69,0.4873644096406715,0.436725844230383,0.282150485241384,0.36006473129132877,0.43325635716321986,0.3376404410629205,0.1632422787028472,0.1951937904800658,0.4459543157769727
70,0.09957345145290049,0.11302467566756552,0.20449125172034327,0.4514404409664745,1.1253717461694441,0.6883380780772438,0.14169996598233356,0.1428158122543575,0.17483723129913015
71,0.363829027765314,0.4745233120328085,0.4217422144490605,0.26679866090815896,0.33704008190765333,0.3323965857007929,0.3314545450172213,0.28342307238665887,0.33038515342212443
72,0.36711872098163856,0.3866426874281809,0.4194291496025056,0.2981591106010126,0.38675115923341297,0.396207189685187,0.23942326034743253,0.2754098752494298,0.372451500460993
73,0.3468925054883244,0.3785698675110869,0.31590369173041044,0.38359922487554227,0.37857498306530374,0.37803423440194384,0.27787594091557405,0.2935774343332388,0.38856477126836864
74,0.30503372708540816,0.45832262406961743,0.43713737040785583,0.35471451468162873,0.40065825838835917,0.3153256655787904,0.21126037221354987,0.34352206713837363,0.3156180540262096
75,0.27571106801138157,0.39432698337759886,0.37552775788391074,0.360871237454177,0.43307306972661475,0.36020507106544875,0.23313110017690716,0.33279393087663456,0.3759524350171194
76,0.42633904697153213,0.5499608028406774,0.34155288754891416,0.25343404232098327,0.36977348734103993,0.22556447241165176,0.2847189275020167,0.2529917588780232,0.43725722777495474
77,0.44393235336586967,0.39030662305963065,0.3493294281489151,0.3523723259249807,0.40635727801109184,0.2958720782394976,0.2162766658944022,0.29800375588853434,0.38914214505687045
78,0.43198141858306466,0.3613052931407804,0.4073272391759637,0.3231340951897409,0.3545944070230011,0.340054712722912,0.25929491410359923,0.30483051591461513,0.359070057736116
79,0.4419273219540294,0.4475547595210671,0.40657546131766137,0.22132144539163537,0.35470391434030574,0.3604995753858439,0.2989149177792453,0.22209496046014982,0.3880002974398552
80,0.34706865761799227,0.32754205685750465,0.2987948086664899,0.4517901494723248,0.4402522063703601,0.4286701538535766,0.24592038811933412,0.318369693493781,0.28318453913842967
81,0.39674254822421257,0.29788255589653184,0.2998036233539785,0.33208602768053025,0.38338031583301463,0.45455260212677157,0.32074845999918633,0.31562530631012203,0.3407712141654454
82,0.3368450916594276,0.306608337740378,0.2767531639066362,0.2315782261777276,0.4793999413097174,0.38267207863447034,0.3846329210129771,0.29716930971718464,0.44593358343127437
83,0.3212293984119836,0.42350689154849447,0.36160846576932687,0.35682468199287554,0.36368318539505967,0.3707827060767529,0.30527397716861154,0.2711989464449463,0.3674844007817417
84,0.36736664502408445,0.27838982581466437,0.40720664781456417,0.3122344716154541,0.39372892182326735,0.42048364006244826,0.2469010652182898,0.3164082980599836,0.39887313815703723
85,0.3170108323383669,0.44066264561518786,0.32956961930930545,0.3311703417063277,0.3559822904241173,0.31281740174547024,0.30806325780742083,0.39954287544695377,0.34677338919664336
86,0.34848162499902147,0.31746996616787443,0.3892756088694873,0.35314877731776545,0.3225360154500564,0.41225801886743174,0.31794342506387013,0.3419867968818474,0.33849241997243873
87,0.5332990640528646,0.4505413287081602,0.29264044318676546,0.3068859216265177,0.44500504319050915,0.2212724320418027,0.20569655186461844,0.2946979049069646,0.3915539640115901
88,0.37624695911301975,0.3739224875101068,0.3192757943343965,0.38418271057831493,0.37547803055278073,0.3346110183178034,0.28677691084417106,0.2568070427270629,0.43429169961213704
89,0.45178569956726494,0.36689218421034575,0.3508176845558191,0.3158663783525877,0.3080603751964083,0.36446515414839264,0.23655902591016034,0.4083542404418279,0.33879191120698643
90,0.39856337560261945,0.41053695153987846,0.33153160154647976,0.3146746929495083,0.38977017153313187,0.2886141298128092,0.26600821637258754,0.3391185551487023,0.40277495908407585
91,0.3319115005466075,0.22170360412240503,0.4639881414760448,0.2986637132131665,0.5172184614845868,0.22520584958019646,0.17071582684377387,0.07117396341961164,0.8410115929034002
92,0.4202230888727648,0.624963055024335,0.368484510699741,0.2723294326374009,0.33995761024881305,0.27112310056666666,0.17057879203335374,0.3223522054799264,0.35158085802679157
93,0.5286292329792287,0.5091398510448693,0.4822159796213977,0.21192651520387673,0.2660786147898898,0.4040442090469139,0.001934701369169077,0.3518879432495181,0.3857356062849301
94,0.44355095966414715,0.34070854152250934,0.3167493934577237,0.4413365171184206,0.34675219697430054,0.25583978989710965,0.3125384310175636,0.34643108003657713,0.3376857439014414
95,0.3779945414022954,0.38153325210434474,0.46132812201506906,0.28785907911652636,0.38851586879631117,0.3484675309298207,0.22829597663950377,0.27461561243338284,0.3929826701525393
96,0.4672893841022652,0.4193943826831708,0.3371755800204873,0.3281238518886113,0.41810496818065657,0.41544811018566113,0.14487602794776105,0.25808686054334895,0.35309348803783097
97,0.43001605634389256,0.34263879475367254,0.41541335295608095,0.37479856464723765,0.4399086750010034,0.20922263487561246,0.2770006362631362,0.29743964663912253,0.35515429211003474
98,0.36447435481763274,0.39587198204362356,0.388277735896409,0.3073652602560448,0.3929842757920163,0.3414031079296872,0.23661769570713295,0.3637854626252325,0.3508127785220138
99,0.33822642345029874,0.408505543251328,0.44058216990202165,0.29602091156595783,0.3570812774154355,0.37383015475606335,0.3437853055850351,0.2722295367002605,0.31133133096339244
100,0.23959561632558218,0.2537940189868661,0.5550257845760375,0.25225348440841255,0.49439958799729683,0.3430591336958119,0.5745128617527036,0.15152915567102523,0.277423010176057
101,0.5334937406523667,0.3794826380801189,0.38167031845392946,0.3152304819935665,0.38512275358474457,0.35638612697061134,0.2103888959286909,0.2864349618954019,0.29338273603036286
102,0.3105770947562062,0.37528730971977453,0.34701471770562586,0.39542160430398776,0.3877337668413424,0.32084068517023145,0.24946280343676008,0.33065307394253246,0.42460159771333267
103,0.3644854111527228,0.3769319544605542,0.31890757604247627,0.2676236577013962,0.39096427653980514,0.3939323693298778,0.2987236015469113,0.35342022231461495,0.3766035845014347
104,0.3454968908535308,0.3598895929215108,0.37724490801867927,0.30039855455264275,0.2565757369792903,0.3367808650082621,0.33055993005433204,0.27076704944048163,0.563879125761064
105,0.2877209319298911,0.26210961829714297,0.32415479091959365,0.4554422214838622,0.3843273697940847,0.32501481026928086,0.26154790359074176,0.25931158794480774,0.5819634193603878
106,0.28777072931863223,0.33951263027147077,0.4135628405320627,0.23520713740753071,0.5088645795296929,0.4371001934700084,0.2301218402192311,0.25612461460610647,0.4333280882350579
107,0.42785139878623146,0.3667946935667716,0.4264552912142201,0.31684170687194757,0.3854589115341281,0.29552553445382285,0.36522050481319723,0.2912427184822082,0.26620189386726617
108,0.5075345155549439,0.4056986058011213,0.2821299709093876,0.4541359611803876,0.4198286645180891,0.3343546617528565,0.1650253599211705,0.24717100718753296,0.3257139067643037
109,0.2864052333657207,0.36546821581791106,0.4687147214081449,0.3558357750472131,0.339244592878894,0.35688368082456656,0.31180314909172185,0.3136515908216626,0.3435856943339588
110,0.4317470892455545,0.3654177837117251,0.32955844371466864,0.23188603267715285,0.4464184711781097,0.41282774357584967,0.2764671572934906,0.19531940468730047,0.4519505275059414
111,0.38477768848010824,0.4806852238545016,0.287688511439405,0.34642559074212187,0.40841561847541863,0.3436196251377316,0.2573898120357602,0.266764878688259,0.3658257047364873
112,0.19765593769178735,0.24807790942577032,0.7510153188504219,0.1669994005337577,0.7369789847767418,0.30896630575647865,0.09884521501440299,0.14457133504433106,0.48848224649610095
113,0.3308972259862785,0.3281333437825239,0.3317533739104295,0.385009870347039,0.6401703608877909,0.4178468194308008,0.21225440528322484,0.23361192856686364,0.2619153253948417
114,0.5875670391969532,0.35870460789407527,0.2552032782152819,0.26474893455106796,0.7047231147540928,0.12134040776631584,0.1623680560558741,0.3105798975199166,0.37635731763621566
115,0.42061713051789074,0.4099528590262672,0.4095699426347639,0.31794188176569815,0.31143047551672637,0.3459234222214655,0.22863118550408124,0.3514862754703946,0.3460394809325059
116,0.36803800047991336,0.43366835550245364,0.4544717208457631,0.32196869343080037,0.5092771844021468,0.28654271113926255,0.21390335504069563,0.31782819495816633,0.2358944377905915
117,0.32938858027339807,0.4396393661103424,0.40891776522517315,0.4021890082055101,0.32105350929831045,0.3170484064203367,0.293793797622619,0.22365000225215162,0.40591221818195206
118,0.4162067171697144,0.4523192077706737,0.31110023779991836,0.2868996756024712,0.34165351884317047,0.37860518859324716,0.29234251620492907,0.33509356694584547,0.3273720246598232
119,0.254013046585869,0.36243659225765473,0.4006441601673731,0.31171326900440127,0.38013341126084443,0.4047482642204266,0.3757898352225514,0.24130064240578328,0.4108134324648896
120,0.40512261301849006,0.4261648601339318,0.37367131800531117,0.39802877802121533,0.3786962779263121,0.2360376817024028,0.24870861383058604,0.2810466700828986,0.39411584086864504
121,0.0747759074439047,0.06143491141895947,0.681483938092616,0.24448942248731487,0.6816141937287116,0.4456828083276797,0.3028048649400998,0.4470375182223408,0.20226908892816628
122,0.36377048735828393,0.391427161269112,0.32481048018502656,0.2836116384730512,0.3700956918249866,0.31291833244735884,0.2842159799881076,0.33530733148863495,0.4754355505552315
123,0.2949975302105479,0.31640648070635286,0.330554959924781,0.3384986181972764,0.6248886531876134,0.500021689337254,0.24883305619137186,0.24905020497487412,0.2383414608597216
124,0.32133855329561095,0.34638483696016953,0.3750962571669088,0.30159903755055906,0.3473885669228367,0.42649116792984776,0.27321335838480276,0.2573839712995338,0.49269690407952355
125,0.4052714281737643,0.40656842489661504,0.38363701084178,0.2796314707051779,0.37820137474010773,0.3287601815324249,0.20537688938556478,0.2603533156690274,0.49379255764533064
126,0.43680315000280645,0.3965019533530164,0.3934886758025726,0.3605273642241111,0.4036700218920411,0.2992361199716796,0.26539278240333086,0.2766464435114969,0.30932614242873835
127,0.327683988751012,0.39217876260078155,0.2895840729416104,0.3629551153330649,0.46107101285440966,0.30043138812337383,0.2784000720772929,0.3002217177062749,0.42906652320197275
128,0.38736704715250236,0.42445137422862,0.36617188451495,0.35166971882531134,0.38875621701347973,0.27980874115706744,0.2777069198986732,0.3484547103780405,0.317206040421149
129,0.39106550665999734,0.3472334181150978,0.37789204725278297,0.22662115972844302,0.3463392977839411,0.3681743454377337,0.2977512190192991,0.3001184026084119,0.4863972569840861
130,0.37941923438063047,0.46860455328498885,0.4500797405537409,0.32596528875528097,0.3162845851411661,0.30159993655154266,0.2140687467270068,0.2909268483471751,0.3946437198482617
131,0.41299313520973924,0.41566380782852624,0.3294650038881238,0.3065633936755805,0.4619842952154397,0.2446599065576766,0.2340129828688047,0.3423641515196668,0.3938859768262359
132,0.48236163527678405,0.39746383549418784,0.3903510031920975,0.3481406053995582,0.39254531102518847,0.32024314530259923,0.2634250545065167,0.21146581012071694,0.33559625327214443
133,0.41682936902079387,0.38170568030152235,0.38763284414653243,0.1689411784113486,0.41392190796135725,0.3473241203450219,0.3131186944372495,0.32022171655631754,0.39189714240964985
134,0.48618979850981686,0.3175457093243752,0.3519491207660242,0.36620419710692653,0.31575156959733663,0.329410465561525,0.2728326710202665,0.33684502190197957,0.36486409980154266
135,0.5297235167513248,0.3832896052592774,0.313319634591895,0.34802563478571563,0.2788926475556605,0.27993684517145867,0.2438794441986746,0.3296726524043722,0.43485267287141455
136,0.3555858363948684,0.3722581002119268,0.3961260304750569,0.3384320165733503,0.4782588733228245,0.33149308641934216,0.24352011978368537,0.246851769199306,0.37906682120943297
137,0.37885835245112254,0.33572029287809463,0.31179089161824974,0.3922259082928678,0.4023754250070281,0.25847509829178467,0.3410908577797421,0.37164822336054737,0.34940760391035675
138,0.33211771435317794,0.3891092154895627,0.3919500092925445,0.2653367573011748,0.4375026517501817,0.36706479046796603,0.3082360734203352,0.29888288191042317,0.3513925596044275
139,0.26588452902306065,0.4758218491009815,0.3572852548767271,0.2575426447194745,0.45085398997027326,0.2833618080871241,0.25731039825034785,0.36787720620817516,0.4256549733536287
140,0.3493954478807554,0.43521067038982836,0.2960456559588746,0.30634309643692836,0.3172495948285721,0.5091875822463423,0.3494015898449605,0.21826182179432327,0.36049719420920817
141,0.37700199182398164,0.29644705741666394,0.42687203198553014,0.3444407284183341,0.5327788064784463,0.3917369159985043,0.23204141518802923,0.24991114478820028,0.29036256149210304
142,0.40972275535007596,0.3939782893011691,0.41555539716833406,0.3843628968366695,0.3279373764203084,0.35517072962340274,0.1968101579859064,0.28071753277992034,0.37733751812400634
143,0.383073582939781,0.3241077338566778,0.3791467515417033,0.36849490769608295,0.3583880721319219,0.3640045980384829,0.22869211975603948,0.276181858102316,0.45950302952678795
144,0.3615306287375944,0.4159804601274736,0.3541918488409766,0.3102892362733872,0.32513435331759316,0.32933413369912923,0.27250712212912087,0.3048672474632532,0.4677576230012644
145,0.63856583910289,0.3552845171000108,0.35432626642023796,0.2529219510040671,0.514629924797698,0.22350165003009834,0.183949539149279,0.27673929347297743,0.34167367251253455
146,0.36030691768162715,0.31034288707495705,0.40028032771596855,0.2938785794742496,0.38529018336174375,0.4581214230219792,0.24635726631874777,0.30765709306420613,0.37935797587631326
147,0.25941015812166757,0.2690789815567502,0.4984870773428151,0.284186518342592,0.4733140634849237,0.41589849545558866,0.2917725791785137,0.3976004958114918,0.25184428429545047
148,0.14589164927539297,0.17940605636796594,1.0488144536195771,0.1672962278734129,0.8029181138828908,0.2098982618228455,0.1414883428783142,0.10795441677053924,0.33792513109885447
149,0.2491627938508899,0.2980807371943191,0.34805363956711904,0.4103427888346271,0.5260823303986152,0.31166447078357346,0.28655846400717283,0.34743804327795896,0.3642093856755174
150,0.3995712556803855,0.4411650492568992,0.3480098743469559,0.2976411761006749,0.3685393816134374,0.2810786295633045,0.18433364229669055,0.31843802817570405,0.5028156165557416
151,0.40890425751952897,0.337963886799096,0.241293166517789,0.33561852617967575,0.41530987424020405,0.3400918396397306,0.3155019597371586,0.35998883256514286,0.3869203103914673
152,0.4543913736468367,0.3835776617872513,0.3207807280002119,0.2902231030713418,0.28842868122735055,0.29179615586560526,0.21048278425270234,0.3027170718552179,0.5991950938832755
153,0.39424156621782247,0.4072421020058199,0.33029132914411136,0.34338245553774926,0.2641715447366718,0.3081027915151109,0.3142595025522342,0.3270331584482495,0.45286820343202366
154,0.32957376767758656,0.4457954715436722,0.404392169148178,0.2574502868021192,0.3453260289879886,0.3251977656473687,0.2853545723165176,0.373819104235325,0.37468348723103717
155,0.44666047836408646,0.35592518875312806,0.3175610277382567,0.25613663920384794,0.3622449229191264,0.45712236771777154,0.2643240649251293,0.2391134668877593,0.4425044970806876
156,0.23048290772946142,0.22936184344910102,0.2683004065866032,0.15110207305150042,1.2847005878089435,0.3512874301136965,0.17772350816924007,0.2394232306576505,0.20921066602359648
157,0.24497957112063587,0.17181320350535928,0.25252044497611076,0.6766073553078613,0.23671407933220268,0.21236496521435586,0.17154393948769997,0.9943573033055583,0.1806917913400088
158,0.4275717687243539,0.3569587026751008,0.32276990887128854,0.4350575668108051,0.23391841784060416,0.3188245292362102,0.273718100847165,0.3599158861457609,0.41285777243850447
159,0.4740135695715914,0.46146261052088744,0.3486292155708892,0.2649001552433293,0.3803234030449124,0.30760767991117993,0.25799082786616123,0.293293030865,0.3533721609958421
160,0.43012522032738304,0.46373045298977583,0.3964119312337354,0.2575302503125752,0.3785946291441313,0.2890809845444335,0.29009355876451387,0.27505081905471157,0.36097480721853314
161,0.5716044837017603,0.35016819530281973,0.46130870380613476,0.17425520877044964,0.5501489681644012,0.24330440963767308,0.23193265882509942,0.20738659607843252,0.3514834293030224
162,0.4406539555838394,0.38072697313375337,0.10254877875777547,0.052444895706230725,0.0338921123110282,0.16906543571716465,0.05080591848809826,0.07842818799251258,1.8330263958993906
163,0.3640949151644295,0.3199657972427569,0.2288095310241359,0.5936471073905623,0.3507065752414729,0.29596842737377815,0.28230814337645954,0.30722071869046036,0.3988714380857376
164,0.4552749731116857,0.3696989085573773,0.33404692935809077,0.35134768589363824,0.29562281442819854,0.3740145586174978,0.2691334372689687,0.2928801993669648,0.39957314698737123
165,0.06881136749929077,0.03347231626559889,0.23944723725635728,0.9239094231917656,1.1756445996581166,0.5146133885640299,0.059380430340893776,0.06082086925247195,0.06549302156126774
166,0.2858761391860336,0.31715751609356,0.3478562299127877,0.3144389190731496,0.32690935602192955,0.2981054083077782,0.14692411305852862,0.20696125878518504,0.8973637131508408
167,0.4749082582026033,0.4213894031364925,0.275376703324145,0.3531619555332308,0.3749105915995713,0.36069468465835075,0.28532590306063244,0.21408292685738636,0.3817422272173805
168,0.4042230366120491,0.3285214719746019,0.26678924215878297,0.4581136443439589,0.30079910883695393,0.3378832444611648,0.34456916061380854,0.3185919425279724,0.38210180206050015
169,0.38558579844282875,0.4789666582815184,0.30523849375722106,0.32119362490207,0.3173373915390385,0.3140521007928205,0.36004434578431715,0.31664291866495164,0.34253132142502724
170,0.3616315265555373,0.31984116429838466,0.4775266159546126,0.258466087961249,0.48454600368403455,0.2990526382596994,0.3290626274028328,0.31691557811222776,0.29455041136121474
171,0.4012699787544073,0.37384337091271785,0.4177657291647165,0.39478325850965107,0.4924354979047906,0.28395355378658177,0.18743479426256562,0.15692323267826597,0.4331832376160964
172,0.3544072181344177,0.4566200703141518,0.41632560474666863,0.1980464174862787,0.5073163203204543,0.28226054017340935,0.21302304049546916,0.3378470266227918,0.37574641529615105
173,0.37356843532122885,0.403575979039787,0.3659202867057012,0.4186421559926435,0.5007229196829285,0.29220940283286295,0.2343296716622011,0.2534358186569121,0.29918798369552807
174,0.2765385616135863,0.23800261841731474,0.20915966062702424,0.2690073365475236,0.6289444757571987,0.6050596817578188,0.16947568215921555,0.3406841466351891,0.40472049007492206
175,0.44208981661068214,0.3760882595382483,0.39782290614922106,0.26132400051659005,0.37127700644127637,0.3755799368010556,0.29329338087395845,0.30824624437069803,0.315871102288063
176,0.5334960244092993,0.4106205193611638,0.37959584615327685,0.3071816333723584,0.3511594823084719,0.3384322649485615,0.1986507420501274,0.30360529366815886,0.3188508473183749
177,0.4216380710751175,0.35896187459668516,0.5483547879620206,0.28652299521923685,0.39237333134381686,0.29343102862604975,0.2225911659259791,0.3054561024249439,0.3122632964159431
178,0.3535467163416715,0.27485691632091386,0.2842045878397099,0.2673992282122869,0.38282104640467535,0.5983168698576594,0.4283512987114778,0.25349287673362764,0.2986031131677705
179,0.38045684408128616,0.38642158975087837,0.3875447378623792,0.36634100177246987,0.5465694013749025,0.39234705770723993,0.14068803451792802,0.2167927632983107,0.3244312232243987
180,0.2241505062100277,0.27509407982146866,0.3142884579083164,0.4604516484225827,0.5643848980862024,0.4280037240012714,0.2424578994409976,0.2610258923672575,0.3717355473316687
181,0.3164588023391769,0.40849784632491165,0.325102436607538,0.26023376835469575,0.400609196451999,0.3119022327989456,0.3571514765770021,0.36370990509293294,0.39792698904259133
182,0.39746380955591976,0.4322599194441482,0.24954690459100623,0.30706380114232384,0.1864032098337883,0.2376132680591569,0.16592679317231196,0.17498944679009454,0.990325501001044
183,0.4261817580872046,0.4092527898488475,0.31725306582102747,0.3249240836010951,0.3070773913914812,0.2880124802560334,0.2123341606665215,0.29190417629621623,0.564652747621366
184,0.41237794207780276,0.2573586022551636,0.3054804233952398,0.3729875889692102,0.41947056620244544,0.3889399355827951,0.2942677649411534,0.2967019292198567,0.3940079009461265
185,0.38814934533503676,0.41968242608854534,0.26233012586022003,0.3163774643312166,0.43784009726776635,0.36266831482848927,0.26181470735234913,0.31871592219058437,0.3740142503355858
186,0.3411905357453375,0.38506719808776646,0.35269713807889264,0.29829484537964657,0.453366339295566,0.3636838245718348,0.2313020417980184,0.3806206707010873,0.3353700599316434
187,0.3513550778912197,0.36340141601328496,0.37882148016599204,0.25457200742324415,0.46220400212716495,0.3167186502734049,0.34175174551377324,0.3427234902633699,0.3300447839183395
188,0.39288312721711455,0.42421601366450273,0.31352633547115216,0.24288386018464977,0.4228351794030758,0.308044984887952,0.2645929485219241,0.30854554492994685,0.46406465930947455
189,0.4229149481424077,0.3459095136061992,0.29436232669825046,0.41045117436676043,0.3613422542493944,0.332941710092537,0.27665387377061923,0.27003649268095653,0.4269803599826682
190,0.41355499834084347,0.44058609305577623,0.43847523274599515,0.2685672327885073,0.3529261955223425,0.36586200836729216,0.2671673791738193,0.20183054396874178,0.39262296962647497
191,0.35091311925072344,0.4045071699489196,0.33190855881693565,0.27184558721871904,0.3925109121464336,0.4011849780159139,0.25665631802161626,0.25204860028199716,0.4800174098885345
192,0.45256645075051183,0.37019127052179196,0.37333792450414965,0.35525977001670306,0.2863644901112016,0.4185996129111828,0.2812675576115492,0.26486243252192615,0.3391431446407772
193,0.4165113698465062,0.35035757916676774,0.3034786468805699,0.3878287175290302,0.39799607622768296,0.2750126871252677,0.2847769686717446,0.32338041031926884,0.40225019782295507
194,0.39824489776567595,0.3846368971470171,0.45272491518008495,0.286793196543806,0.3312252798987073,0.38650588757159493,0.23671680472257803,0.2295217469612645,0.4352230277990642
195,0.3075336325394654,0.4028988011595208,0.4243106655789843,0.37949326541345674,0.5091135584785622,0.26353350040233464,0.2527508440487131,0.1784820004420789,0.42347638552667677
196,0.4237344479042292,0.2712652670274175,0.6054755508493057,0.3205254628902365,0.5453828125193959,0.21188929728465278,0.16725383377934125,0.31641605833620057,0.2796499229990135
197,0.4570937832098921,0.4588267139871386,0.2478584522550222,0.31514408809343536,0.22962436188054347,0.19121478451914115,0.1670087616912438,0.19227629352345077,0.8825454144299258
198,0.39371033383958925,0.40839413857315987,0.31075761291326454,0.3079072188451442,0.3261579692299054,0.33466596021772704,0.26204410062310146,0.3005635977031245,0.49739172164477674
199,0.320364162621948,0.4655156006591459,0.29176932662056126,0.2862425195869665,0.4626085246460589,0.38453938391087455,0.2512976733960935,0.2186559544032139,0.4605995077449303
200,0.42593814330779783,0.4124550398062531,0.3479144271871288,0.41336696675866186,0.31489178636939663,0.33485199327776,0.20379885478080068,0.30215308377285394,0.3862223583291406
201,0.5341920805412957,0.29015936117699714,0.34666734498759816,0.3365659304700587,0.3939371553324661,0.34184427301146236,0.22919296317115365,0.3244892050121912,0.34454433988656985
202,0.5158863021855532,0.42607569800079215,0.31380861002117766,0.37655049144875113,0.25971289538037673,0.39354309688502953,0.1586514142598099,0.1795129972806376,0.5178511481276648
203,0.4258810261333503,0.3211735963101254,0.3435409684861447,0.3322720501971925,0.2900872148915738,0.3772314429726659,0.2891372099652438,0.29190156190594885,0.47036758272754814
204,0.4243888253653242,0.4528287392097563,0.3397697924983936,0.34984111804999113,0.2952760587839772,0.4488260335697025,0.24872430927680414,0.24078284923708881,0.34115492759875493
205,0.4102358182157837,0.432603382844367,0.4014937822295095,0.30947905135925313,0.3201065378467192,0.33131662291636155,0.23600922552249098,0.3451001759905445,0.3552480566647634
206,0.3799748780045894,0.4159861210439791,0.3086087182252234,0.33192372235617185,0.37238263688473994,0.41444483245995334,0.27063624553911164,0.29800987833648135,0.3496256207395429
207,0.40401467359489873,0.4336387149159024,0.2726035216962929,0.28391495381525195,0.3436650634591213,0.38610857435695783,0.24754450487129967,0.34821392652320066,0.42188872035686714
208,0.3596796126408302,0.3214765406728341,0.2810321193058054,0.36686612760470066,0.33410213554558776,0.33578889270464946,0.2635247278663284,0.3234316270241618,0.555690870224895
209,0.3205436208618013,0.39134921402226724,0.44101108339944456,0.2951260604424587,0.39495860769404034,0.3720341773873302,0.2998932138591516,0.29950127365742435,0.3271754022658746
210,0.4685197314781653,0.3550127704383524,0.4730877912984289,0.32635293370864144,0.31653273077081473,0.3154694280695663,0.2527888109671219,0.29759077251896177,0.3362376843397402
211,0.3806048354668301,0.3521418974455103,0.43983674710673343,0.29351600052690513,0.3342594421099019,0.37947080166933966,0.2869827949790864,0.29831748168687805,0.3764626525986081
212,0.4665274644024504,0.6090736903096057,0.4006278236520129,0.19425782397826222,0.2830969373589065,0.48983462677186207,0.043966154128972125,0.3041956720881531,0.3500124608995683
213,0.37396573897825475,0.3089990309947156,0.3960828422181669,0.3532921017955309,0.36783174059379964,0.3593197276869961,0.24442690573186865,0.2846756214508929,0.4529989441395681
214,0.46606044377931716,0.3455459663308389,0.30162474793856053,0.375742955898455,0.37660355480289776,0.31418266234353986,0.317534779677438,0.3186084873498467,0.3256890554688992
215,0.37092074682182097,0.46171293743696445,0.36228324833056075,0.2724208728578928,0.30178895307683856,0.31683525150815484,0.3570518777958214,0.3158135896864065,0.38276517607533217
216,0.3318068652176225,0.24520128805868527,0.3945121702810593,0.17838362842016753,0.5725665822781214,0.4177161713609618,0.2954065306700742,0.21561930473347252,0.49038011256962843
217,0.44377700627209027,0.4296034260498926,0.3608746083654883,0.2710685945668556,0.31935747652690816,0.32706975443554565,0.24375363358369165,0.28832335530288133,0.4577647984864396
218,0.48774790611461694,0.35419735562233845,0.3815895249973031,0.24259100560490612,0.3932067361759167,0.319860976084421,0.25764382754004855,0.4157467113967129,0.28900861005352974
219,0.40040051692724554,0.44185144349336597,0.42733801683982686,0.3380162479916933,0.36172428926959627,0.37344318364910106,0.2477248460592178,0.2064164967524809,0.34467761260726537
220,0.40146388323695975,0.34566340065694756,0.3953802668063949,0.31411347037862214,0.42876363571168574,0.33877835035972165,0.3030482026560212,0.3092750604056403,0.30510638337780027
221,0.34065889677934447,0.3606744407608102,0.4198849890401462,0.2901066945479421,0.41806919013767785,0.35152130609551996,0.25175337199120845,0.3357280587934915,0.37319570544365216
222,0.354807014449106,0.403018573711649,0.38427995197578524,0.24178995887261379,0.45077679234632306,0.3541712513206323,0.21739999673937516,0.38020931581802925,0.35513979835627923
223,0.44418134269647985,0.3355480492948032,0.3684926930040947,0.2578927765992997,0.4007121386402977,0.34870291925651015,0.17041034353529985,0.3607285467853069,0.4549238437777007
224,0.38719436584398526,0.36124665404491124,0.3921936155759053,0.33906146365286166,0.4244897844215335,0.3431281244599647,0.21967477907939545,0.32965304637111703,0.34495082014011946
225,0.35630363692545425,0.41809439181398544,0.2922114981195739,0.28212707153943745,0.39585360342196824,0.304854346652363,0.31489166497816906,0.27349336162629007,0.5037630785125519
226,0.36201770940173517,0.41542945971108225,0.3569628386584301,0.271900970921687,0.4763704949538316,0.3951705580003247,0.2275619247746802,0.33961312983235503,0.29656556733566775
227,0.2817183632567849,0.33084136270079684,0.35999870020179814,0.31965299153889165,0.3169842440372226,0.43917971778364484,0.32795276730419054,0.40736299016182104,0.35790151660464253
228,0.3821895931706718,0.4734388076522588,0.31009548047324204,0.3144043645160735,0.3378459708169766,0.3728607274087513,0.281765076064855,0.2724165036720992,0.3965761298148648
229,0.33624251373551306,0.3379785841111598,0.40824334077476826,0.32063832564018535,0.38961636653215076,0.3702906540860617,0.26473796395103233,0.3386212832101668,0.37522362154875477
230,0.39382967451375317,0.31432429479554047,0.37405125772743864,0.34748765108208346,0.3941503392972164,0.35873693506541177,0.27103789574497905,0.40139050465895226,0.286584100704418
231,0.5890836284206334,0.3771431386215029,0.2992330718784363,0.30795256771981333,0.6299820408956841,0.14614854381751113,0.12244136847053201,0.3168680275859087,0.35274026617977167
232,0.3610062082390141,0.4244677032566952,0.4696833838079687,0.34311884788898067,0.4437897150952891,0.3270907804089019,0.16112668057711035,0.3452565748627261,0.266052759453107
233,0.38696398478423893,0.35898381357039194,0.29662458178236856,0.34980793572426405,0.30715842279969185,0.36012800296816316,0.33486737191833477,0.3357413781105473,0.41131716193179263
234,0.24522119750102553,0.41251373375705913,0.4168205382413803,0.34524963971449674,0.3747878890295135,0.4803061959399451,0.29025232278382107,0.23384255633362666,0.342598580288925
235,0.4446630291087191,0.4131782868908822,0.32876083671983847,0.2615940766741023,0.2895966402891165,0.4363947903524247,0.23182416679114146,0.26673089825463425,0.46884992850893403
236,0.41373006602763907,0.33456291563849405,0.3978655898669597,0.3065094407937517,0.39739946987635905,0.3007793322434424,0.301639926365237,0.26442171974033524,0.4246841930375751
237,0.46057988901656094,0.33656531312108684,0.36915079778826226,0.281285499835717,0.3468106871547575,0.33516181103721043,0.2627363735014985,0.3722353153247446,0.37706696680995466
238,0.320272768226506,0.40415181571182235,0.3514785515270831,0.3683225117194169,0.3680482121732153,0.3672366985809326,0.26013727620159244,0.3183958220033136,0.3835489974459103
239,0.4140923296735729,0.3516079340747695,0.40431436802888115,0.35340517785456144,0.35966100192524475,0.32291160845975975,0.247629149554654,0.2637673154505158,0.42420376856783343
240,0.31932240374505694,0.35974279075306026,0.335393299649535,0.36238084712070245,0.38478708228760666,0.3822321180229959,0.2785563987397421,0.3682425216274784,0.35093519164361503
241,0.317652749752297,0.40614014952477007,0.3693067926084936,0.32529316333423136,0.2768683367919245,0.40359822016004526,0.27210587184518564,0.4126701062155062,0.35795726335734007
242,0.41083622687036475,0.38820905655500715,0.36853693933765924,0.297805939374036,0.30920278998713924,0.34849209486322463,0.3119980493240276,0.37048403831033727,0.3360275189679973
243,0.46061436068193096,0.42787807137837325,0.31148151590556367,0.22421650398772067,0.39509790562579106,0.292023987379956,0.28993540406840057,0.27589216068715566,0.46445274387490104
244,0.4428169776327024,0.3387295258634797,0.34085359335330473,0.2555311988829989,0.41133527355264676,0.3804070730034182,0.3592703505321105,0.2528849102948926,0.3597637504742397
245,0.7058921512952806,0.629093777808313,0.26044322362064076,0.18167250921199704,0.38229670870897486,0.204574330480601,0.21526999532232013,0.22316128075975863,0.339188676381907
246,0.34748340068086586,0.3703650698386655,0.4475609014103776,0.2882083678300632,0.4444612574024482,0.30867782843564007,0.1741919074807209,0.3384907229733752,0.4221531975376366
247,0.4276417231005909,0.34389627870489314,0.39213154004501444,0.2857585236992101,0.43173228681005504,0.3870081256066487,0.2774243469132167,0.22261533532861247,0.3733844933815518
248,0.4048454558660354,0.40235909567278805,0.21262008629500098,0.24331369735944602,0.22010385775205343,0.21063064727827926,0.15666832289169513,0.5080600572345636,0.782991433239931
249,0.325881262500023,0.37766082990123484,0.4163556175616825,0.2727998554443036,0.47005034472655427,0.4663712949641911,0.29451671653905237,0.23682759868053618,0.2811291332722152
250,0.31307751251348637,0.4075041239185654,0.3439264481147532,0.3479777961924737,0.4201490399277054,0.29674074310764925,0.297296302526707,0.3584884320587995,0.35643225522965327
251,0.4432265220015131,0.38116874513593857,0.33730778434625364,0.2216166432989272,0.3499347450642335,0.3764703229859886,0.21798937294810786,0.3469298027800126,0.4669487150288179
252,0.5072094912592113,0.4915164180621984,0.3158179702091601,0.19339876112767945,0.1750245087183356,0.3133885276437547,0.4216855688066185,0.3078453504623872,0.4157060573004474
253,0.39679198924286024,0.4281151227301036,0.36576464152066024,0.3576164569595615,0.27479262829019574,0.3173653626722951,0.20880857918675333,0.41363592353440776,0.37870194945295504
254,0.4165833283816097,0.3202563014377414,0.33602747811576633,0.34249076979478027,0.37763346304910533,0.38502285735844954,0.23118176800228799,0.303526005029054,0.4288706824209985
255,0.38771670258186297,0.4552888300800302,0.3552038642770083,0.3353619872890207,0.33619615135447645,0.3455122442064842,0.32018986564206847,0.3152086753194902,0.2909143328393515
256,0.4107579692648125,0.4059048132344942,0.38961550450807764,0.33423768160791684,0.39416436699385216,0.27589772876236834,0.24130128937296189,0.27179701817101093,0.4179162816742986
257,0.3438827190378156,0.3599109127600057,0.4367165390734378,0.2541614602101536,0.5280263069287936,0.3222649990231013,0.24253347365163838,0.31930587249161646,0.3347903704132307
258,0.43255342575442884,0.403129017023181,0.3658322453157376,0.24630799082972749,0.38369653319911723,0.38613788985611536,0.23618034230443216,0.2876394846379448,0.4001157246691088
259,0.37774178011099674,0.3721527483316719,0.24723928534352993,0.2950693920174528,0.44887963289956695,0.37947212519156914,0.3008203260146875,0.2818562970521414,0.4383610666281763
260,0.37326106095732,0.3345881344833964,0.3577938236914963,0.4037790724374974,0.3657158680586482,0.3187108659455795,0.2901234751709086,0.3156512031580741,0.3819691496868724
261,0.36571633441669393,0.3991382786790404,0.32016694300131937,0.24403974800613648,0.33185404759801895,0.3566588739536254,0.34291638266655605,0.29420076546593316,0.4869012798024695
262,0.41271251448106355,0.2895903796839551,0.33941929099569057,0.27202466775199413,0.33708659758787984,0.43751735626795424,0.24759077486358222,0.34808929899882946,0.45756177295884426
263,0.39152794505938565,0.3413248902661158,0.25048101429561465,0.27593637900746826,0.34503869281414973,0.38276080346499247,0.33149865585639393,0.516498656494926,0.30652561633074643
264,0.3697323311469741,0.32978349512201793,0.346970460115748,0.29716507204173837,0.38976241066716727,0.3436827665247643,0.31322118202703153,0.2935800159643445,0.45769491998000683
265,0.3760374915976807,0.20489334672961604,0.289222992848258,0.22829440282857869,0.7627258375892025,0.2446620167171759,0.327316016553117,0.26870040054593625,0.43974014818022755
266,0.5081980090126416,0.46854634758270464,0.2321854247268307,0.30502664277482155,0.23519628628325215,0.291478736859703,0.2059596521298558,0.22332970558380985,0.6716718486361736
267,0.37081487019264275,0.3623553875501546,0.1888800029361914,0.34714566461516116,0.20688010177884453,0.32670263998702237,0.1617117717808672,0.3205479973207667,0.8565542174281421
268,0.3722534249819913,0.3949425349472316,0.36578185256634627,0.30326916257282294,0.4237121858439766,0.34841279688584886,0.2734558147936584,0.2822206023565639,0.37754427864135326
269,0.3665886647094701,0.474597582890542,0.2546559506767876,0.4364473311539029,0.32809041139251194,0.4434018820684297,0.1917357636276431,0.23140253003830716,0.4146725370321986
270,0.2725347352125461,0.2956409550275171,0.3200203798919934,0.44917971909961635,0.4345456944999985,0.4185626088550461,0.3327698230141677,0.27572116302268834,0.3426175749662195
271,0.3479757719950922,0.33415337010741464,0.3240984052006077,0.3360367593263033,0.33276724792454915,0.40937225720439785,0.3198637627815585,0.3395661871105359,0.397758891939334
272,0.2523696119959229,0.38259627430241305,0.29283585263741746,0.33751500886230984,0.44812105805876257,0.28229742251911555,0.3488016208657446,0.3917957737289939,0.4052600306191134
273,1.2478122461680818,0.5035151449302024,0.2450082404482187,0.12573455322237806,0.1685398239998123,0.26007299327064715,0.05970329450507292,0.29654110053521665,0.23466525651016315
274,0.4696606492760645,0.39868848735988366,0.2788117616363249,0.3919652109670525,0.3770005698272041,0.349392621679335,0.267462183519806,0.29112973256071195,0.3174814367634106
275,0.46089093150519145,0.3561741213666002,0.39670963181829066,0.35821693945814614,0.3281538714049434,0.30977083752359735,0.25990465523911965,0.2955325291563852,0.3762391361175185
276,0.3845404167393919,0.19637865087209913,0.36943911349201775,0.4046121302501761,0.3987800935069213,0.29629550123481224,0.3297418697865077,0.3512736169860296,0.4105312607218373
277,0.35937448019602336,0.39128375585511527,0.4289726735405771,0.24981804838682495,0.4672841872752147,0.38341830529299353,0.21995418721892335,0.240979954349821,0.4005070614742996
278,0.48596943167996165,0.4200114035899419,0.34003623419382356,0.26661797008390853,0.3195972608894327,0.34018703425518665,0.3487207694823464,0.33369813902938683,0.2867544103858048
279,0.4286835848129523,0.3234370333227923,0.3290821196425503,0.49449949899037376,0.29551491657025647,0.3848910111187222,0.30005175781547394,0.20048087773323953,0.3849518535834327
280,0.3328103950266465,0.3397195488599654,0.6062809620637499,0.2598115531173337,0.3768961513572597,0.35635136956511887,0.23951468399986933,0.3303133779466461,0.2998946116532038
281,0.29636692097985307,0.36662487537470645,0.30270247553193047,0.3147561266409198,0.39531184719794,0.3114791475765092,0.4329937599679435,0.43107005084429895,0.29028744947569174
282,0.32389673144368347,0.4284006976482613,0.4090507062348984,0.29327400840161216,0.23500750807513127,0.33604479848801994,0.27799338266934315,0.33564692258345075,0.5022778980453926
283,0.3958034587666306,0.47326494717956624,0.27634017474299905,0.23472374826039122,0.3882523183053018,0.3981892217100321,0.33324184534782353,0.3062642832446867,0.3355126560323623
284,0.4487569458819934,0.36402936156618565,0.36041024714924275,0.2718341466406635,0.6399227953123025,0.28143772186915605,0.16155487487207587,0.31505152668896197,0.2985950336092111
285,0.4150016058619874,0.31057166420127585,0.43667054219598156,0.3958222936325133,0.38903346177579873,0.3669378345672045,0.28522041664366304,0.23582529094910717,0.30650954376226136
286,0.3908184125850302,0.3694528226991092,0.3038823677217073,0.3485970296443764,0.3866186125431894,0.28169045304343726,0.35080695732752465,0.392738777812744,0.31698722021267484
287,0.2808731783890127,0.35716433396598535,0.31885959475005876,0.453762036259798,0.35272717193621816,0.3380274555072687,0.3161366157127313,0.3310816313127929,0.39296063575592705
288,0.2983527052542629,0.41592279466721477,0.39908927363609925,0.25745977236891626,0.4399000548502049,0.3447592968617286,0.272581549240491,0.2602558279449232,0.45327137876595247
289,0.31085579458664625,0.3249579048491767,0.4712603325747176,0.3326029854145684,0.34044583759435215,0.3611415852856408,0.34709749361429754,0.35988561935734725,0.2933451003130464
290,0.5130497008069614,0.3252902599827176,0.41669229576759825,0.2972739524801217,0.3929613557921921,0.28905697438931827,0.2239724944056262,0.33143766159723076,0.35185795836802697
291,0.34882396658254244,0.45039296857060857,0.3033426348092201,0.38351875247870715,0.32109914011381424,0.3100188179318631,0.3591146994734334,0.30482278907278804,0.3604588845568167
292,0.35041816232555023,0.3411634445135613,0.36640785784756247,0.26358027509504095,0.48443050119068504,0.3936918880963519,0.26860335439718597,0.33816467711739806,0.335132493006457
293,0.3779299336244753,0.3619631859381609,0.29130573101272345,0.33009284884875745,0.1680069349109816,0.3133539337455001,0.20832395047866162,0.19515878966558586,0.8954573453649468
294,0.4349477142671062,0.4241146676014123,0.2819943126603494,0.3035222211132897,0.1961630069538931,0.45813857240495875,0.2890469769236328,0.4125231167729336,0.3411420648922172
295,0.4915806459061197,0.36849978205371525,0.37345338234374015,0.24634953922851682,0.3861380987978532,0.32352819346593575,0.28340235489674565,0.32730915597146143,0.3413315009257047
296,0.43499325967792385,0.3085688153828743,0.3104660089271879,0.34407485080139444,0.3113825982141326,0.37119791174811284,0.2160361239727913,0.38922656234077463,0.455646522524601
297,0.3542381409490122,0.3606567072887893,0.3016097212544353,0.3344975661641721,0.3839467751058538,0.3466933461256816,0.39398979026657477,0.2986057659111695,0.36735484052410494
298,0.3918744523149384,0.3636912732152773,0.318670855244062,0.36077311703969217,0.28812191419000543,0.39786188766399266,0.2764194514052688,0.33497298330812525,0.4092067192084315
299,0.37637069903274933,0.4754508892861965,0.34582892670531895,0.33726439455200785,0.21211049600544618,0.34838515099622797,0.34764572167052166,0.34127978444080354,0.35725659090052136
300,0.7033483293134701,0.9502486769730684,0.2710440092843182,0.06661289536961973,0.23945243290537407,0.22719075103873607,0.21707897935749532,0.1879575626425726,0.2786590167051386
301,0.3330490207904624,0.3367531068797956,0.2891133018830193,0.20566111121445108,0.3827439475367176,0.3116656513189817,0.432593797275283,0.2967654843536251,0.5532472323374572
302,0.53073873445565,0.4324508107614126,0.19518415777648013,0.11460066374133046,0.11190161720985205,0.09195461850603075,0.11647414281190187,0.10393596859451253,1.4443519397326228
303,0.29452087473252975,0.2697363159434075,0.3329480465697505,0.30322987171100446,0.34180518874152416,0.5263349072397289,0.24058023118687827,0.24200055889894603,0.5904366585660237
304,0.25457709455009786,0.3800694726813434,0.29947973962721064,0.3581731139377209,0.4150085869408792,0.48099941210234204,0.1994840891379284,0.24606490612613816,0.5077362384861325
305,0.44290611944056485,0.38538573804929754,0.27681076105123037,0.3518706121154109,0.43890498729099886,0.3341017616049251,0.24194686685796354,0.32489801605109087,0.34476779112831113
306,0.43605253540867817,0.44260960133639476,0.28951906020541607,0.3095571650695278,0.3958663114116974,0.2772538140885667,0.190695215034351,0.29752581665813915,0.5025131343770222
307,0.34831253001292994,0.33885683745932926,0.32871853083907454,0.3621989280443585,0.3799648281859104,0.2768242862578391,0.29126215493960245,0.24840863484026948,0.5670459230104794
308,0.2704772866944086,0.43069087762447783,0.24427536864050317,0.38635141086801533,0.377275916305426,0.3051994340383581,0.2006302571121953,0.4392236799441622,0.48746842236224625
309,0.3632298740894949,0.4156443427103514,0.32421413783441294,0.36828801820183793,0.3288545915737628,0.3106353141243408,0.3145467769533633,0.2940462706622177,0.4221333274400113
310,0.4703576726357873,0.5227850528072124,0.2855884961792016,0.32077710689279293,0.28986574361074346,0.24097934580127264,0.2791885746507003,0.31592100602147144,0.41612965499061094
311,0.45104980610214607,0.46106115400449665,0.3127056711239039,0.2870976931639491,0.28380067664048797,0.3612821860213818,0.3078763571613493,0.21470880709876508,0.46201030227331313
312,0.335722726269089,0.3761658618690843,0.32774788418384804,0.26383433377874654,0.3697065166297344,0.40262614652611645,0.4107681879240896,0.25155948584661864,0.40346151056246565
313,0.39833191952728936,0.2860481973776543,0.36268570794708543,0.42448820581517677,0.3313169404959825,0.27624432271460914,0.2613335999254786,0.37657466004737433,0.42456909973914286
314,0.33653071140396007,0.4277472146014956,0.38784914790917063,0.2667398579500139,0.35854553299633873,0.3664352655121507,0.27049959439155824,0.31418163557910467,0.4130636932460004
315,0.37969190422793786,0.316804037281713,0.3143106734218209,0.3680015708166287,0.3825538942303506,0.4070586757818706,0.1845982046800091,0.30428668344550946,0.4842870097039532
316,0.3696770599769122,0.47439440338160077,0.315103442286062,0.2909259583469348,0.3275538246264894,0.3406037994854495,0.2658503252563714,0.2882671975741045,0.4692166426558685
317,0.4269524683288801,0.40355967307905655,0.29019845803157596,0.3448950020028433,0.438528639206743,0.30568380484548874,0.3168199708909394,0.27310333320644015,0.34185130399782604
318,0.4737108230176957,0.5006476630972774,0.354606028591654,0.2390455876222889,0.25126738991478087,0.41173453755104966,0.2468638060955295,0.277011255813539,0.38670556188597827
319,0.49321307116996377,0.6714327158451615,0.3289268329483319,0.21802295906460573,0.25595493515733314,0.2754165746056335,0.1541657754228933,0.22622817706264145,0.518231612313229
320,0.42558040851088896,0.3550205768877864,0.3218098306396512,0.4470829118987359,0.334283221965336,0.360802452545544,0.20809876707118105,0.2860471072027063,0.4028673768679633
321,0.40676170231493086,0.3439603879163235,0.2725675028449774,0.5034871342538886,0.35831493460836433,0.39884041768703066,0.21990785163978557,0.3154894897720284,0.3222632325524635
322,0.4275174147593561,0.30085128037764053,0.3245204593824945,0.3579684041081398,0.27728809286746875,0.3542332960647368,0.397401007601336,0.2298815827198339,0.4719311157087867
323,0.40158547764744973,0.3828771224098922,0.2960758724151004,0.44556611163338217,0.4561868466249004,0.25986803006330994,0.25801587081831523,0.27893172201279204,0.36248559996465124
324,0.41969104909765537,0.4856106945139187,0.31564012010909326,0.26960218058223184,0.4965285940558191,0.3725234473573013,0.18090792577994985,0.22191233436137628,0.3791763077324475
325,0.46305666861977623,0.33196117278843684,0.29247749354460606,0.25444297967125684,0.40457722838643795,0.34795003121789086,0.30679425685332196,0.2294718062733307,0.5108610162347355
326,0.4719915802009034,0.5893408993545853,0.31177002189662895,0.28763567884601904,0.25915594660751484,0.35448183088768687,0.2813870102628405,0.22188787382061956,0.3639418117129945
327,0.5198920556617225,0.4338302185255415,0.22246988709796464,0.44548776618917274,0.2715603137814632,0.30282845462925295,0.24905590266559838,0.19020341021583356,0.5062646448232434
328,0.3727956753097135,0.4435277728282704,0.3674666307580442,0.3415489478650698,0.4002946575780091,0.3821328100459193,0.21067879106376605,0.3008195443110032,0.3223278238299974
329,0.6337560965726012,0.6248957132182573,0.24990749328045658,0.2282736176223487,0.14867851416070518,0.20867751456609293,0.2281589748206354,0.2729008765635593,0.5463438527851365
330,0.2982057660424669,0.3969786054784837,0.4182903611204671,0.3834472277696881,0.39734450876184507,0.3219823041730927,0.272838464954806,0.20927865429493478,0.44322676099400904
331,0.2624224134878419,0.43453483533248555,0.33782996550986677,0.3625199037237986,0.45158626513251,0.3415353451808699,0.2818685107966614,0.22121921736266673,0.4480761970630924
332,0.36118854785887683,0.44388404508434415,0.33427463305058974,0.4627702360386512,0.3727007429850522,0.29026456644917265,0.3082416633164134,0.25251252635150456,0.3157556924551887
333,0.44575346792514775,0.24966777808934942,0.3203938142473791,0.3963041225686335,0.3273659938074228,0.40766047861749355,0.28147739118251364,0.27679232848171376,0.43617727867013917
334,0.4913716880212433,0.40644725130348314,0.3132781093918522,0.3744580385088118,0.3285041963911616,0.35866971457977037,0.2431174123400709,0.20581963277599,0.4199266102774102
335,0.38146139782396826,0.38719696919659397,0.38048543149343617,0.27919819302168075,0.34756463441584284,0.39748078613495613,0.31418685559701043,0.3354868611991276,0.318531524707177
336,0.40063050557250207,0.41276906397551516,0.30610390756700173,0.33445969684359383,0.3562268896802248,0.35998679459533656,0.2566905912713988,0.3327265644186285,0.3819986396655917
337,0.3945632962700384,0.3858031486180233,0.3060265877260726,0.3824207564212115,0.25957420371479767,0.39233367663177604,0.3264215335141693,0.3898184440933237,0.30463100660038095
338,0.34764149043370984,0.4896986037949739,0.29638940842252515,0.3171834980908934,0.3087496354167568,0.41746373765711897,0.28485388151262936,0.3074168496105641,0.372195548650622
339,0.42962971614650924,0.44216458136609627,0.2665528964620863,0.3574361004807135,0.2743810767783996,0.4871436544247906,0.31012884173652533,0.28910414376175747,0.28505164243291453
340,0.34289213674240987,0.42937715733453674,0.37336119890435415,0.3536062385131659,0.40734865906668727,0.41526982377455013,0.16699838766346647,0.26362484745872444,0.38911420413189857
341,0.45717552566925374,0.35099330018196145,0.33736015516349427,0.33153220557838486,0.3775552872660653,0.36496603849201276,0.2565686285347142,0.3398272378258421,0.32561427487806455
342,0.4514387668173583,0.3389260946145115,0.34714185504750095,0.3206419703478093,0.4345944858217267,0.3877024019670405,0.2777659496853107,0.2168965855480729,0.36648454374046224
343,0.40609350451210546,0.36505283117877274,0.2613811622952421,0.3008087736857173,0.4436846044533435,0.38128404962527307,0.2929693289496499,0.3068535836991758,0.38346481519051306
344,0.35082785048333154,0.3823920755253778,0.27089333225156653,0.40434562049943484,0.3526213437411152,0.4027480576913377,0.2723980012187225,0.2961894842728818,0.4091768879060249
345,0.34867300987423594,0.41492920457238536,0.2838510495028231,0.3564593096767435,0.3449165499735044,0.3514752433157158,0.32267668518976983,0.3628013975298223,0.3558102039547927
346,0.3994580287651934,0.3270136836540859,0.3248321737616431,0.3474302975616794,0.46699924495184764,0.39563228078125706,0.2403397691842942,0.2706285458485118,0.369258629081281
347,0.4487037894220398,0.3709437147527723,0.2797207070557752,0.3036961904595797,0.37545663769979065,0.320325940249202,0.26375210602868665,0.34041956471586693,0.4385740032060802
348,0.4443267521718221,0.34224841854254456,0.3496607677839539,0.3277072156707501,0.35065911372585923,0.3352047248990636,0.3449260587642559,0.259071071300373,0.3877885307311706
349,0.39142358863288984,0.4380614091165868,0.3384872553313473,0.29001529094689904,0.4491557778344838,0.3263256692142933,0.18473717952231836,0.3207023290087129,0.4026841539822622
350,0.26975618708419746,0.398724033393265,0.23403885639082758,0.34764561772519753,0.41623139873105836,0.3952056419104873,0.33106183812593903,0.3140292139172819,0.4348998663115387
351,0.38811456269124495,0.4032150310476326,0.33577216562102574,0.2875709455398608,0.45079250894962253,0.3263728703954154,0.3019674659122173,0.29429010194559946,0.35349700148717433
352,0.3411196224873463,0.4879094315954199,0.32690861616013317,0.2887702453567786,0.452993556486425,0.27927821344987314,0.28389180707663914,0.3228169004994379,0.3579042604777397
353,0.36112309632246997,0.369407061904493,0.3558725372727283,0.31736717025733713,0.4389027416838888,0.29847093502004185,0.3001931397609189,0.33541130645482503,0.36484466491309
354,0.32409565672115676,0.3660730311408492,0.3588328787615332,0.36219338487326797,0.36875940148304714,0.32852829731259287,0.29633222372577667,0.2754430784266957,0.46133470114487357
355,0.4449229527732481,0.3296445714971781,0.4085882903022388,0.3188724711213316,0.3070736021865229,0.3283747901133646,0.2589913958994918,0.2898196568532569,0.4553049228431601
356,0.5078321569060937,0.36366046625538667,0.3703798835464485,0.25055299576531526,0.38076015573743677,0.3465736482634083,0.34078223663936513,0.1799403883062507,0.40111072217008803
357,0.38798992555872863,0.4372639707220128,0.2862393190469651,0.37156100512323226,0.429051776072332,0.35781467693537494,0.22001815387783963,0.3410550013690968,0.31059882488421137
358,0.40185432616727046,0.3824227976616842,0.32268317776951805,0.3578350920566819,0.29260205246640447,0.39968553548334435,0.24960306313283853,0.34383341094090086,0.39107319791115
359,0.42462397577610833,0.37494008388170547,0.3121343853073523,0.24668371803406217,0.24392976291672983,0.40659904383356227,0.3180266240201342,0.31557590562345045,0.499079154196688
360,0.3654069784627409,0.32611126827577586,0.46096574368119675,0.3327388173234176,0.41304663368658456,0.3900176830438574,0.14452862673611758,0.31474638975170927,0.39403051262839356
361,0.33326324759828396,0.4269724324366774,0.30075124580755,0.3471402274880828,0.38368349058263895,0.3706756076929662,0.24414424891675193,0.3109615455415737,0.42400060752526764
362,0.38949353673321196,0.4185146578475072,0.3322885343740169,0.2509060509877163,0.4344579193977237,0.2980385771165082,0.29373797565930854,0.3461729046239756,0.3779824968498248
363,0.50819521290762,0.35781115027533467,0.41672482631476965,0.2688686822858563,0.3133288288652733,0.3942220467975107,0.2374842567367861,0.32247145508722563,0.3224861943194164
364,0.46553385945842696,0.3377650782227819,0.3626011054411159,0.38748400981795444,0.33643651513293577,0.3162961794787215,0.2828661372521772,0.31208758925762764,0.34052217952805175
365,0.41709572976411996,0.3288175257620287,0.4183026016978097,0.27097181043405383,0.4601593209873069,0.18496291759549324,0.33802992400863646,0.2835994726817721,0.43965335065857253
366,0.35985842851282834,0.3528727361491184,0.40989354074594464,0.37114717164693634,0.3159988809798672,0.4017554700787768,0.2729153176259063,0.26274739901231453,0.3944037088381005
367,0.35329051330695477,0.3123689882292909,0.41814771761108804,0.2672777682404317,0.4044367717439858,0.43132164386202265,0.23286794907241842,0.35438655703841215,0.3674947444851888
368,0.28018733492193515,0.38563098532785917,0.30452812764808024,0.3273258783527859,0.402384925124281,0.5334542867957449,0.26158968863357984,0.3386402693514103,0.30785115743411695
369,0.2887800528692445,0.37424964048962894,0.4157753379259724,0.38811582567510977,0.35731098658538546,0.316817036488443,0.21923822752429065,0.4125387152210894,0.3687668308106291
370,0.2860412713504348,0.37557063298453497,0.46565594085767376,0.34544496037574984,0.3757385316952977,0.36739112243421174,0.2309076748657031,0.36036825440810366,0.3344742646180834
371,0.4246797664039657,0.3682791277727373,0.40004626816696176,0.1999514107780116,0.4439973310510958,0.4076230456441416,0.2308194577314598,0.3567518710890289,0.3094443749523904
372,0.4187806594978661,0.21675692719118378,0.3358931154860855,0.3801306308040705,0.39436553808052094,0.2917070636641059,0.24062807674034423,0.42851759953356555,0.43481304259205095
373,0.3504904897002165,0.4339708891428073,0.31765493054997646,0.28162427702714016,0.38027319816597055,0.23826287748301384,0.3850407925559039,0.41860484399081116,0.33567035497395337
374,0.3634860593089765,0.4164806344093274,0.35599337756705546,0.3514277731674494,0.46220822375429815,0.33916057761467144,0.32405773820477785,0.15761778806406893,0.3711604814991683
375,0.29751679502750794,0.35294666564366356,0.3718143769992057,0.3243423270454365,0.3696423555063001,0.39038769947676105,0.2818648645382547,0.32861782349250407,0.4244597458601594
376,0.2746186731671337,0.32909044947014526,0.4435523585099841,0.35734404882019694,0.4180663527488995,0.37665897156752226,0.3215885704826902,0.25064068552519037,0.3700325432980311
377,0.38035709564501285,0.3643669403543252,0.447385216213807,0.40097413040976987,0.3831729818212437,0.2955956841401597,0.22530430520218309,0.30027439438458603,0.34416190541870556
378,0.40758817765442185,0.38628938917848304,0.38064172815086,0.28725923266134695,0.341912992811688,0.27606006556110874,0.34912507644826957,0.27015599200832535,0.4425599991152901
379,0.42137153613032613,0.35287125692314014,0.36175661806627135,0.3579928699222026,0.3888052185304785,0.29284005166760974,0.27156034122660894,0.34333430706438356,0.35106045405877234
380,0.32686023009911985,0.378976983920487,0.3447055582449929,0.34648228999149533,0.40197165116189065,0.3225951335384773,0.29466257594422796,0.3939840058740754,0.3313542248150268
381,0.3801875643310291,0.48661859588962675,0.38555090502753103,0.24069449832654982,0.3606681512285662,0.46172677712451904,0.2036329248551905,0.27330763159610966,0.34920560521067123
382,0.3845951174910666,0.35668620789312416,0.35556453039108676,0.3005118544055195,0.39762857106289995,0.35841840888106,0.3146598101366943,0.2534039948331411,0.42012415849520107
383,0.3636586640307944,0.5101906024554139,0.3319245569669342,0.16817308062041414,0.34321803216679025,0.2923861674619442,0.3177352924915242,0.4007801470595633,0.41352611033641457
384,0.2333026037571413,0.24933229328406004,0.7241360888848336,0.08946771177926505,0.7261422556793027,0.6593697520427592,0.10511575529738693,0.028432888138661662,0.32629330472638235
385,0.6184982668580747,0.4089870819125173,0.32931493046958005,0.28327072131284087,0.3913720301211539,0.3045313687361202,0.21358565847756958,0.22747221695520473,0.3645603787467313
386,0.5772795255101426,0.37230624472263957,0.28329913475503016,0.4371099097667558,0.4470859592134678,0.20256671629746795,0.27968091934642486,0.17035144420364995,0.3719127997742148
387,0.47444881794431704,0.39393096992533105,0.3919197114885635,0.3233821147814606,0.40643967087178046,0.3414645971555124,0.2546594090829882,0.18590252713756278,0.3694448352022773
388,0.529323366467154,0.41097510537628007,0.40211580229316246,0.24691899618691548,0.375911742805571,0.30013673852903155,0.2075297426308235,0.29742759586932865,0.371253563431526
389,0.427589732910521,0.38545851891200705,0.4287907590197974,0.3728375196886059,0.4446762252765504,0.35367887992054026,0.1901954394954504,0.23017328477522922,0.30819229359109185
390,0.2958790964309615,0.3469636486024863,0.4894661409055922,0.2894075141377366,0.4573542465228086,0.5308222925540286,0.20346140561171933,0.09058692604708829,0.4376513827773713
391,0.40749887971276383,0.39353797987336436,0.34180179832935687,0.3342925695959107,0.3423578053775887,0.33173869269329265,0.26121676894527085,0.36916493667370687,0.3599832223885387
392,0.331770459695998,0.3675039993232808,0.3347940653930014,0.32427712179488943,0.3895033242353585,0.33304200386991,0.28685202903525503,0.30731251583795505,0.46653713440414474
393,0.504799933903641,0.4361727643288725,0.3415111328253142,0.28619084778964016,0.34319587542348073,0.2644794428099274,0.3520303583931558,0.3042094502144381,0.3090028479013235
394,0.4049800251877188,0.31599832749319995,0.38329008529660447,0.27366019457028845,0.37684799221899334,0.3437855927273839,0.2695866893605941,0.2788739841476986,0.49456976258731133
395,0.36195909236376844,0.36315064870821245,0.46325391470860317,0.3303398798911202,0.38887952124789144,0.2479053459028997,0.3215022498462472,0.23834646257421074,0.4262555383468403
396,0.4186775205738201,0.4937619734308662,0.2433550633760498,0.3598167900563429,0.3019790422855932,0.3721081191608278,0.19796556607058488,0.2567961574622788,0.49713242117342943
397,0.37867666002026845,0.44520985620396925,0.5006565387093165,0.2668738663773357,0.36036703744923887,0.29344462036674784,0.26990773928592104,0.31116916555164525,0.31528716962535047
398,0.3867168128599267,0.5115357029593051,0.23144526299938797,0.29500274698380907,0.4329605516212022,0.319980392382247,0.27134008129633763,0.25237695146353845,0.440234151024039
399,0.3478185347736312,0.4220498175240794,0.2644513296506214,0.4526335481332355,0.3380885682679918,0.3105380555098223,0.269964675035797,0.3313297249468073,0.40471839974780727
400,0.3182015544429316,0.4562354736949607,0.46295605990977257,0.3333203100501876,0.3792804254901865,0.2581572882140394,0.27268435013344267,0.35893463502163014,0.30182255663264185
401,0.31708756030755636,0.38082585678334946,0.35092318228176894,0.35151822719044123,0.46354196608475795,0.2957929463140285,0.30469255317000965,0.36506230889308566,0.31214805256479566
402,0.22884570546874797,0.3509616301135925,0.7844728124676396,0.22150836340279434,0.35882731967338466,0.2526872341071119,0.14617383342087664,0.22551774506646227,0.5725980098691829
403,0.3966922995786606,0.2981564552056269,0.31855772357776235,0.3726798063425632,0.29406728954570727,0.37299297157689376,0.2628219790835861,0.30938271735305795,0.5162414113259347
404,0.4639277372283139,0.40641379274263023,0.48716121095085235,0.26595630393500713,0.37210810629357266,0.29281399115074297,0.27009107215071065,0.2975530217647185,0.285567417373245
405,0.44071597193041706,0.450092456936621,0.35693505388179875,0.2510315454105587,0.3919018724101146,0.29911399477096967,0.3001896610174222,0.29050360058417146,0.3611084966477195
406,0.3498968672519444,0.28621324499773376,0.34196442435250196,0.3117443783016747,0.4732038862796301,0.3262694632898903,0.3332854649192486,0.32528672451304774,0.3937281996841213
407,0.1194687931310368,0.13869972148574514,0.9243676998170458,0.13262354907063678,1.1366048381714984,0.12492170366362725,0.1816167328043997,0.17745303557636918,0.20583657986943438
408,0.19398852517345477,0.31318000532039436,0.3048405312778487,0.49027711199905216,0.7132537428450034,0.30619411496863536,0.25424285986522055,0.23573377334670376,0.3298819887934797
409,0.25548729255437563,0.26099005690775456,0.3172481175858964,0.3050784037213353,0.7390007067274547,0.2930794758193529,0.3031497231007822,0.395037426822435,0.27252145035040626
410,0.3915037324945427,0.4456113993588038,0.3646613524959269,0.2631324648663805,0.4189600382376677,0.3428810578673441,0.2852261118013888,0.2643259776613383,0.36529051880640073
411,0.3706475208726741,0.4061110248101772,0.41166605650407484,0.3118541246730959,0.2847445459403019,0.3526349864690753,0.32067102506973627,0.31841845852327394,0.3648449107273835
412,0.25028784540592713,0.22747990847760682,0.39588135084795484,0.22966677466881263,0.6335216656403959,0.43271040937989363,0.5766316425212925,0.17316004643743,0.22225301021048002
413,0.4180178669475594,0.41818807644510353,0.34683219467659343,0.3384761112233667,0.457969905390098,0.3282617013127473,0.20497872117720342,0.24138068380447722,0.387487392612644
414,0.39173819781352454,0.4103398588815449,0.27083388363793287,0.3524107547404604,0.3636405766643642,0.41419285573965975,0.26888261588143775,0.1866694995264098,0.4828844107044592
415,0.2578436360314293,0.2648143619314569,0.7717834344393087,0.27275598233221654,0.35036740294215796,0.2914693823742872,0.4464354669476297,0.23635771596165037,0.24976527062965626
416,0.4022260131668126,0.44057208417283683,0.41530291551274096,0.2979911660893674,0.3823245947824741,0.28951635293258543,0.2780677377232371,0.2618775099605679,0.3737142792491705
417,0.46164063383306,0.40551958403455307,0.3560773065772474,0.34054982958559826,0.4313760338813644,0.30177628393333306,0.27110545367272343,0.23452067613502509,0.33902685193688864
418,0.32813560406016173,0.33419435421076016,0.38388974230232636,0.3948196800810224,0.34464632436119347,0.32443617361375954,0.3405041371774299,0.2511271306892245,0.4398395070939153
419,0.2793242533195709,0.37802115301285966,0.38657828087588114,0.3575991495130192,0.2672163866522176,0.3775949837786083,0.44144277588026065,0.30622335344390583,0.3475923171134699
420,0.34961501273621415,0.37007556771147465,0.37522243806007566,0.3119766699664174,0.47735073897662517,0.3931771047537871,0.21760348277523198,0.2313758071963076,0.4151958314136591
421,0.39248636718877256,0.3979330555317675,0.4456064161895618,0.3272369100700391,0.36969256402811296,0.27460225242260256,0.23148028739220483,0.320632415602343,0.381922385164389
422,0.4366884600735048,0.39818598041767217,0.2999867882854074,0.3114909282426962,0.25547974598853046,0.400808629102915,0.2738710777381358,0.26827421492470066,0.4968068288162306
423,0.3774188055591988,0.3634852673918259,0.3225848843861309,0.3656837104538518,0.4402814797720218,0.2826524896671287,0.2972726368819122,0.2988974269822073,0.39331595249551554
424,0.434454739804432,0.47941707006314016,0.4228775786762881,0.21303183512654444,0.350614350631872,0.3731824765567789,0.3116503518980103,0.18148738246972967,0.3748768683629977
425,0.32463473861489717,0.3057119829239396,0.3480151504640092,0.29306688165086986,0.4194946406708058,0.4798579254641309,0.2096279162330999,0.3966810129110692,0.36450240465697126
426,0.3547064016882,0.29299132879557277,0.3023754954055807,0.4120805268269024,0.3796332091351187,0.35775687952194707,0.293670825340377,0.396849355654399,0.35152863122169575
427,0.421626707652063,0.3076677228278103,0.4113317653060793,0.3729495666759319,0.3809216080169664,0.39968676226360944,0.21557198688747894,0.3542466840686209,0.27758984989123275
428,0.41120506428449005,0.2705096140599329,0.32426127063416804,0.39246117247410267,0.3601584415182146,0.48042549703838633,0.19450590950827054,0.2901443465974589,0.417921337474769
429,0.44168515344924003,0.31402714553252475,0.4501482436602828,0.40527608992719205,0.2994418050742148,0.37897848670221856,0.19714955135538667,0.29795440383464966,0.35693177405408394
430,0.4284939986153936,0.40555244697895826,0.3971467078962708,0.3624286782589624,0.40543281698056244,0.31815820391662775,0.21288860127464218,0.28341872852746547,0.32807247114091037
431,0.4635285586477088,0.32243989721790367,0.3056169820526882,0.3866439640972631,0.269604599484775,0.28389583312668343,0.2806622823215377,0.35614920984806253,0.47305132679317075
432,0.32639731257877364,0.41861888778761575,0.3288834129132416,0.3550924929107627,0.5155047135163162,0.4033395345622091,0.19075629044721773,0.23949278797593385,0.36350722089772286
433,0.3559379975011412,0.3635723987779718,0.5346277324034878,0.33413970295315787,0.3450723897896247,0.35866541118019124,0.2392107824735849,0.30068775249742546,0.30967848601320797
434,0.36837567100959484,0.4120868829845257,0.3576894742218316,0.3145102145563035,0.37160330231270433,0.37347059016038653,0.2577955122670347,0.33614722692369886,0.3499137791537128
435,0.3664859540927167,0.37777528811879063,0.3618531602801057,0.27560713789779523,0.3988922835472011,0.38717717363394505,0.21717418903459446,0.35910809958940887,0.39751936739523513
436,0.35144607476806233,0.455268007838971,0.28862275050008074,0.37403360050102935,0.32607936105760466,0.3285129639792606,0.35238032545203796,0.33809890204537835,0.327150667447368
437,0.32205040650123196,0.4423897526894268,0.3407517530276636,0.37255969082156093,0.3830482373689512,0.3794568207637905,0.275009441252216,0.2971894934260852,0.32913705773886687
438,0.3995301313357155,0.2633347946863998,0.3464137453862441,0.3309847336425144,0.42901474374073845,0.38225495476349,0.2933802793861532,0.41676209671561953,0.2799171739329184
439,0.36696948917536126,0.3281559028776187,0.3606903669238541,0.3633962586140241,0.3043505981702045,0.39384296603173385,0.2891648021763283,0.3412879517710828,0.3937343178495853
440,0.34030620179446514,0.3165035963431802,0.2500402673363376,0.3074324991018428,0.24737529681725426,0.38062230688131216,0.3258840670840129,0.5703497724095029,0.4030786458218859
441,0.31768817901703944,0.35808608399309694,0.3576131992572369,0.38035236329456845,0.3800554743670924,0.30822629228955717,0.27594343514483277,0.3263087669802679,0.43731885924610114
442,0.32996173288710917,0.35443690936727507,0.28716049019005013,0.40133004548864065,0.37181878337850377,0.4097350894680428,0.2620413051899445,0.3087846021880154,0.41632369543221165
443,0.31507474366224003,0.3904607608346517,0.3624399603675727,0.2914744717589919,0.2841506709319748,0.3802595451377771,0.3619952502751265,0.34807087194552955,0.4076663786759291
444,0.5221240514137216,0.400099203489373,0.5323797550185841,0.2376368537039769,0.32477343010676823,0.2887936212313508,0.23374935686248702,0.24948812014430238,0.3525482616192292
445,0.2743266573383149,0.7896623380408073,0.34555214457654754,0.26040217529618814,0.2880414366897694,0.36939745117203465,0.2442621234385898,0.3299340823843892,0.24001424465315233
446,0.3579722732817736,0.332161141410631,0.31997648509711957,0.3317779701269615,0.376482914534907,0.4074663325485382,0.3157464419196164,0.38062950348625657,0.3193795911839895
447,0.5461545361099452,0.404276990372377,0.20531430290414673,0.31093210355754286,0.32744063564186754,0.3773211826713947,0.3152746664901556,0.3817469591644994,0.27313127667786363
448,0.3872446864580913,0.32382955392246093,0.1864114059871598,0.33304422684613905,0.5317407316472577,0.2200374373726253,0.5151406277317484,0.3127841441059906,0.3313598395183198
449,0.3884280049883016,0.4073883668109793,0.27107652231998347,0.3163933401261231,0.29437420121628416,0.3762256187895002,0.23750981652628522,0.36220938332614844,0.4879873994861878
450,0.31493135587802873,0.45072183656168874,0.29784218283853175,0.36044250225751023,0.3390697678977341,0.3950282799924709,0.29311416584142636,0.3706926291035546,0.3197499332188474
451,0.3301648437874012,0.39419069565513964,0.275950183233224,0.31367437396542347,0.3985715961726821,0.4383855785061749,0.25823930611103485,0.2931941821384976,0.4392218940202155
452,0.4933555442026718,0.29482246087598385,0.2670054797013223,0.23896102040994502,0.2727817474495003,0.3695368601740784,0.21063902094313802,0.237364830420653,0.7571256894125005
453,0.37382970768884394,0.400963692274552,0.4317498955437548,0.3811224479996716,0.3540575529806627,0.41165342869442934,0.22064376897118868,0.2773848346194209,0.29018732481726905
454,0.37311423544590644,0.4312251055974159,0.31011836508701807,0.3218683469859974,0.2965968931018096,0.3076756733853999,0.41901784181217466,0.3187852935500918,0.36319089862397913
455,0.39479635926581125,0.4224542248591921,0.37804832125429233,0.2645713780835272,0.39639461653048885,0.3843495747476309,0.20978076098603235,0.28064469956849575,0.41055271829432227
456,0.26990005413144436,0.29122974243726274,0.34012643995708375,0.2732013537712225,0.18876664282582356,0.26867727070196434,0.2531029080997062,0.05601312584531966,1.200575115819966
457,0.3495349760056794,0.3924663992902307,0.4171541860674861,0.2939558817802654,0.3048853468652725,0.3939712589596092,0.28405828171768027,0.338508472118958,0.36705785078461173
458,0.33455291041686136,0.37356392456459614,0.3128210509306933,0.33198581579646225,0.3815696826116993,0.361763050773003,0.25102045293229164,0.40174334937108397,0.39257241619310246
459,0.36289422535629046,0.38811891565026885,0.26150956019783755,0.38363216481800516,0.33135603349504733,0.29126189804988456,0.3190464791257467,0.36832953342960856,0.43544384346710396
460,0.34817194294822323,0.39162818623459034,0.4434098567228972,0.3369467418280334,0.33777110332045557,0.33107783420517156,0.27321027993139185,0.3209574425940345,0.35841926580499595
461,0.4246449056975247,0.25713729450294603,0.3942398338845211,0.3033140615352052,0.32950732345075895,0.3305307693098958,0.3982995800814369,0.3968773927566467,0.30704149237085765
462,0.46975376234590804,0.41201463207846084,0.2938696735604871,0.28894819763908125,0.3619777824048192,0.34599465976276195,0.27479355968993796,0.3116952148318128,0.38254517127652427
463,0.4246617385635271,0.37970829477617823,0.34884967723253707,0.3225758382319782,0.3742218170085676,0.34900994081893566,0.2514041653065448,0.2763385985410176,0.41482258311050685
464,0.20633777242065338,0.27115588213540387,0.8534946980831042,0.1652764023129484,0.7760280714312373,0.27980752147268256,0.1389090864589197,0.21846805066129285,0.23211516861355092
465,0.42870199737567305,0.6168963657768439,0.29895827552378723,0.29498403024413755,0.2729424392734904,0.30922600190291755,0.2915339663023286,0.19620943531749194,0.43214014187312305
466,0.43259075848903195,0.3046289248243181,0.4041721929545346,0.3086485734378885,0.4590186452796681,0.30800931126130926,0.2682338259647502,0.2904275291142846,0.36586289226400776
467,0.5696662142695331,0.43255114821374335,0.359185402355403,0.18241791446281602,0.3864172666485849,0.29267025238750005,0.19928460503908488,0.22758829851529716,0.4918115516978307
468,0.4125358070248543,0.4437706078028961,0.39680425230156396,0.3548843812862057,0.2935518434223341,0.33204823964180846,0.2625017388160857,0.2858414414047548,0.35965434188929
469,0.34803708692542773,0.38611694405225805,0.35876168582206674,0.3670096009397609,0.31982129201753046,0.41562385391393175,0.2871835281223357,0.29169641186854856,0.3673422499279336
470,0.4306066723557436,0.40135085182714375,0.40500361237853433,0.3088544009285083,0.24450378590076163,0.3477278074083129,0.308779235156594,0.2656476703326844,0.4291186173015106
471,0.2075805046584505,0.20388730244741451,0.7060982638962914,0.06856763394753283,0.6904518205766312,0.7018514461885978,0.12022689572704373,0.050766273810617456,0.3921625123372134
472,0.38517804054016164,0.3838265026120989,0.4200184865439812,0.36032382921699946,0.41876000484127224,0.3342120719252093,0.20365819195414653,0.2200905314925945,0.41552499446332913
473,0.350384554044903,0.5251136735452736,0.3438341482131849,0.2720432834423948,0.31436559225513694,0.41826425765959435,0.2224470303890872,0.16377024850189717,0.5313698655383209
474,0.36133232970424783,0.40462560699802036,0.26677032651992716,0.27942471547089615,0.43384432248736726,0.44383258536824133,0.25252245904484427,0.3068159205554671,0.3924243874407818
475,0.4842976229529734,0.45434147337975017,0.32780686053277297,0.30654514531319416,0.32560077978158963,0.3365393948699416,0.2912466548842113,0.19969630060835744,0.4155184212670025
476,0.3828987490104485,0.48595476820039546,0.380406050825327,0.34299189791186235,0.4203569068410772,0.2658218173061909,0.29331428184021613,0.23632163238897178,0.333526549265304
477,0.5386664602016589,0.49438551940480696,0.29371393672806334,0.2610693143161227,0.1900849942671585,0.41089208561833107,0.25530940824989284,0.37409832465800463,0.32337261014575425
478,0.4498874473691345,0.516038536839851,0.23539417908379626,0.597589045686021,0.18445454333588976,0.25043517399665327,0.3175295548291437,0.30247016108921965,0.28779401136008415
479,0.3528590534436757,0.6203840656881868,0.37709080961650454,0.26494300526177805,0.3231087845058531,0.47469411157130964,0.20493304508530788,0.2474252095120967,0.27615456890508067
480,0.2769591901485089,0.41452626316007773,0.42286400031679383,0.3285235545579823,0.4288978913498097,0.36093281402704847,0.29646059227475147,0.2939924766222627,0.31843587113255817
481,0.34735991986550174,0.4029747800673833,0.3462161785532889,0.37715875902316376,0.34757132999255574,0.3558574464966594,0.2582306741822791,0.3239384584590369,0.38228510694992446
482,0.350647843049508,0.3277508663775324,0.40969271476141267,0.305571227460325,0.3296660975873548,0.4049235938738945,0.2847308682332205,0.40878963137023083,0.31981981087631434
483,0.31254455124134994,0.4101434849767106,0.34531915331813207,0.3652917345219653,0.4277116165939005,0.3509009148859681,0.23655368599631643,0.3246593682055415,0.3684681438499084
484,0.44055907379184667,0.29617808966074277,0.47772868811963215,0.379359862981566,0.3886247219177849,0.341331407145675,0.2895438739581976,0.025676884354943072,0.5025900516594048
485,0.5083053532751993,0.41529429896340025,0.28858827312914026,0.2538951073595368,0.31247602101646016,0.361122507595475,0.2539352212882629,0.3016115644146671,0.4463643065476509
486,0.5105903080548126,0.4083099267228306,0.3114233454946667,0.35552648139218673,0.3156629734140189,0.34729082255060634,0.20386384230490326,0.1914516514262754,0.4974733022294924
487,0.3812615154786738,0.38229413783564553,0.35544813075602116,0.36904579151317374,0.3772633320784725,0.3540482568928327,0.2637451164856048,0.24791193464869982,0.41057443790066883
488,0.3718705707289672,0.30555249854305194,0.3385888651586872,0.3886426412223016,0.4722170613449735,0.3265652823798651,0.2777079347437828,0.27499231492065535,0.38545548454750833
489,0.367363582891722,0.38454544496306936,0.39360215265984844,0.3225429934991678,0.38670175241834687,0.35407109057601754,0.28443360040028265,0.2936264420842977,0.3547055940970404
490,0.5154993850623943,0.434711922207839,0.37935919843290683,0.306973706368522,0.2706247258022008,0.41700979334138577,0.22355740895306483,0.25590103740034537,0.33795547602113435
491,0.3905475071142743,0.47261959010744015,0.1795231609229432,0.45086970260404496,0.36096756683073816,0.35276959428063376,0.2897332929342831,0.3105645735941708,0.333997665201265
492,0.37686045540690555,0.3913053961721862,0.328271141058844,0.4404244082625572,0.31432976977268734,0.381713984972477,0.261913089465193,0.2593393987022756,0.38743500977666706
493,0.20496830941984598,0.3025300571252643,0.42674268059192,0.6754051654195024,0.5839019173883079,0.27405024518294807,0.2629758258495087,0.2314480381228647,0.17957041448963124
494,0.43257269986570757,0.319552382910198,0.1502687464129617,0.3900304070747117,0.4029533183902968,0.29979971830580965,0.19667442996859388,0.1517919281626232,0.7979490224988905
495,0.3351795102820468,0.7710233533597453,0.2623302690401707,0.30033262083957935,0.23642694196227457,0.2881436879651992,0.25266409856512806,0.26751631996541264,0.42797585161023677
496,0.4328838764594147,0.3327592122633763,0.29127054021704774,0.3295964093742477,0.32898880919885065,0.31694628972822336,0.35206685748148814,0.3465610845032003,0.4105195743639446
497,0.4381396469382505,0.39177693412804315,0.42859599247860114,0.2868023627788779,0.3268188083384682,0.33874568479364026,0.23475436045806938,0.371579053015244,0.3243798106605985
498,0.3833556392920712,0.3512462681333334,0.394682715902511,0.331973059690793,0.3761987771709013,0.38180393753913705,0.1968418903417393,0.3010870380280719,0.4244033274912348
499,0.4247570056427315,0.4136505662274026,0.41442574173046043,0.25924777951706657,0.4478281376319288,0.32503757533103655,0.27941629727974393,0.20370454548856884,0.37352500474085387
500,0.3539451109568737,0.4255604677257309,0.36791407941779425,0.30999101922275324,0.3124697475683367,0.2663869526329322,0.1994127347163719,0.37579996765705087,0.5301125736919491
501,0.4574450541155942,0.4433180739844263,0.28687638664872434,0.27214828483866643,0.30857931488867696,0.35193371847836513,0.25541960209630415,0.3465687966937529,0.41930342184528313
502,0.43990418175091694,0.3835829276985346,0.31656026191091907,0.2652251044996653,0.3444060475238704,0.4044379048659456,0.3287387311689134,0.2671139413830298,0.3916235527879979
503,0.4036297325893025,0.41489803462368796,0.35235221682286405,0.3206289989845491,0.4116741451144016,0.5170104362818707,0.17444695909034755,0.18784701548455704,0.35910511459821276
504,0.29454442649616686,0.4585002158859607,0.3108806617430013,0.398018308537151,0.37298946285902834,0.414412470487948,0.25361152125471326,0.2854969729629582,0.3531386133628655
505,0.4121893493895973,0.4707965069400259,0.27893614335058553,0.38474089017834606,0.42661508373132545,0.3108975325103621,0.2627451217818798,0.24318328777573386,0.35148873793193697
506,0.3318620016366968,0.4463055264931121,0.3284922728451273,0.3305265368031989,0.39128254055798783,0.35715040914780743,0.2207695502350265,0.2941630325956793,0.4410407832751568
507,0.39667216081805584,0.39512114989896774,0.4047429699133198,0.38850018391817387,0.28257856770948864,0.38239485364614173,0.27880742925498636,0.28097772183925057,0.33179761659140805
508,0.42713308543196765,0.765846308483117,0.3764698716565943,0.1076796152574259,0.18871567189211702,0.2712507108199978,0.12640931688216347,0.278719633233397,0.5993684399330134
509,0.4456635636621646,0.4375479446947708,0.3165539216406008,0.22724128236890645,0.3785810441900511,0.3133605670406027,0.33646993151968435,0.3145274527314682,0.37164694574154405
510,0.3343786721187964,0.5855344189419056,0.3932544105989398,0.2940855408804813,0.34712781493107253,0.37615754870796414,0.27457349731303266,0.23481310165611644,0.30166764844148425
511,0.4092771978276676,0.3685617378490246,0.4011189161552144,0.2839598863426201,0.3411708828751342,0.36532631725160003,0.26490678201518897,0.32813539415411064,0.37913553911923253
512,0.3276900299968575,0.4541795941758322,0.3500816451930259,0.2665113554102169,0.39322104937082025,0.40409087458140897,0.2783734997876757,0.32841413025624533,0.3390304748177104
513,0.4513619112434337,0.3706584075998088,0.18529213275410425,0.44488912110470935,0.1824321259586371,0.29874340591100684,0.3447417814321321,0.379684036766858,0.4837897308191032
514,0.2811247854877794,0.32888812117095495,0.224594798179665,0.21715541795323187,0.29701617151703547,0.282644504671068,0.1446020748407224,0.18006317169182984,1.1855036080775063
515,0.38011839677578385,0.3714883013864073,0.40280015204239605,0.33640268484640495,0.4127541343595785,0.29341135326087786,0.2744153548715213,0.337499623931712,0.3327026521151115
516,0.36859314782772984,0.39595021361778904,0.3945777234211842,0.2780873794831868,0.45104295430174224,0.35314956257870106,0.29059120470202254,0.30867276139072025,0.3009277062667173
517,0.34003127182392284,0.35857510763495465,0.27638192822346247,0.3700150865225049,0.3758719632013244,0.4064773239665572,0.385373985143354,0.28251004434941396,0.3463559427242981
518,0.24483336896251123,0.3606111085985131,0.40962585026078674,0.3908882796642144,0.46269847228179756,0.3701351480032091,0.28425871951042464,0.2809008906241459,0.33764081568419047
519,0.28650461136623856,0.446865672743053,0.3947440788718544,0.3817725342467562,0.320962485770258,0.45560426692617073,0.15097578136034084,0.22787431800016403,0.4762889043049569
520,0.415936656866318,0.40395836946551544,0.39722745880291777,0.3635278324184501,0.44532853170579034,0.31695975938149473,0.18148479558208214,0.28002248462103696,0.3371467647461881
521,0.2543013308129044,0.2268028952896309,0.114378569827989,0.49425380954441844,0.1923761679204308,0.3565184994185233,0.26050490067233756,0.3675919778043582,0.8748645022992007
522,0.41710183198924017,0.3337384021944353,0.4549279243488534,0.25073822746126606,0.3386825346827657,0.411622318815849,0.33273441497098705,0.2313575583095256,0.37068944081687066
523,0.33110648231026846,0.2982519750126665,0.3404623452709747,0.2853009971797834,0.4144832381415609,0.4034643692953476,0.4214672116555333,0.357451309782385,0.289604724941273
524,0.3832702174660108,0.40129086612668224,0.27324979574748925,0.3023950777968207,0.36486399011973686,0.3837945567186774,0.308899432365566,0.2912004117257183,0.43262830552309184
525,0.3870919573923338,0.4263758875424708,0.3460721375722509,0.3087995254608124,0.46863679361799393,0.2175790523574868,0.35498201488468756,0.29722038997093575,0.33483489479082107
526,0.4704549438698309,0.44807118227002884,0.365907280345878,0.2695516958389244,0.3687002205389436,0.31760213846525115,0.2650317272543602,0.2698574633756239,0.36641600163095195
527,0.33955004174974895,0.4096402808868021,0.3634826755632709,0.39093657666267867,0.41648088719362786,0.37845046384850145,0.20145444162431203,0.24528674812075102,0.3963105379401006
528,0.47028798882691547,0.289229408937652,0.38828605892754947,0.3815415589343232,0.34603167779401084,0.2971250618774381,0.2808547924253274,0.3069936080852872,0.38124249778128905
529,0.42212595357418786,0.47670786643197716,0.2738781441917045,0.340155681110284,0.3487110452613965,0.2765087923696553,0.25169601275656,0.3396223040677758,0.4121868538262517
530,0.3833207224062712,0.5003479035426797,0.3044943962224013,0.3494658437523135,0.29576749885856396,0.357881365491623,0.3034271237325864,0.20883442584694184,0.43805337373641245
531,0.5150937594196683,0.28010989259828406,0.40574480897072557,0.2793688828278192,0.5011137016332199,0.3265376637697683,0.21673546999487578,0.2113576506444214,0.4055308237310102
532,0.4061552142111693,0.36255065994062746,0.3635688988959343,0.34705819567676127,0.4091790812844831,0.3463306409667059,0.2838454269454432,0.26275756405959355,0.3601469716090752
533,0.4308824430598365,0.4597773129218232,0.34724634331990434,0.3595068542045959,0.2392091321815127,0.2699217505860422,0.25900231362330056,0.2954374214493513,0.4806090822434265
534,0.4077692642286151,0.456372087830091,0.3694398791918726,0.24079799670464005,0.38806694709373213,0.4442574182990877,0.24368285655336072,0.21762055089817706,0.37358565279021694
535,0.4425664417262497,0.3948874144498248,0.366051751564112,0.2380569346892368,0.4457320123708554,0.42625228830074113,0.27515080941424214,0.20092613646119875,0.351968864613332
536,0.4247012948343468,0.39213093881654104,0.27640435709556166,0.32598516462745053,0.4018039399188891,0.33222824219219343,0.24828115348863403,0.4174328781226774,0.32262468449349935
537,0.38010875336828426,0.42660948792615305,0.4045595755857802,0.2175142467012555,0.29077493051562125,0.361638870809241,0.2918490622193888,0.32348593083225413,0.44505179563181435
538,0.42409856331169726,0.3757824579780286,0.33753227327899193,0.2986619804489766,0.3235975059980726,0.39033847474230265,0.2759284124575008,0.2430858370228404,0.4725671483513824
539,0.46044136220460713,0.387496010945277,0.33293863358256653,0.4312843854349779,0.3270834507986706,0.3340309404546147,0.2086052816531041,0.30563324564398486,0.35407934287199055
540,0.3131591942514358,0.46173126448502394,0.31977515357369446,0.36713052203420943,0.3005756301291506,0.3293097992702597,0.3181824097881233,0.3205419804610306,0.4111866995968652
541,0.43215771951486703,0.24181606275374054,0.5061905280550588,0.3495490806672742,0.487172936841927,0.4590044503803879,0.08917580036302303,0.19612935013898386,0.38039672487453075
542,0.4328489514336602,0.38626570641424707,0.3628355216509859,0.3175540323223028,0.3270255237224522,0.33453758431847935,0.22131653643775104,0.3623837067668855,0.3968250905230287
543,0.3791737099074799,0.35800069298048465,0.29182532985661663,0.42058302889578386,0.42549244995307517,0.38705985431247103,0.27018234687721693,0.32817753774819897,0.2810977030584663
544,0.851864296839853,0.27428510102932463,0.4042662400037025,0.40610836798242994,0.26857253131879333,0.26040100731394616,0.22532560338519203,0.19253976497106629,0.25822974074548544
545,0.3358023999733648,0.4764950191855262,0.29121463949244936,0.30319389720056006,0.29434389321960364,0.35451251017343177,0.3231727315767703,0.31949231567511055,0.44336524709297626
546,0.38163337719987683,0.33743426504533763,0.2940979297891073,0.3340604670847815,0.37015642184981395,0.3393758271416899,0.2846273283215346,0.4150824122429412,0.38512462491471033
547,0.34783049279126976,0.3924895071227674,0.3770714399259371,0.2970920219359012,0.4719057958159685,0.3835057836960091,0.32558784965696613,0.2917559116617085,0.2543538509832648
548,0.3791068501586776,0.3658771166238545,0.3102952341822114,0.3862564501453671,0.4051753448982949,0.36243654119271446,0.21179812839569678,0.3329189471924964,0.3877280408004799
549,0.32079409741350134,0.3536936341883989,0.419569376553289,0.4452479192178136,0.3648494705685532,0.3462741892969472,0.20547683999860794,0.3558124226916721,0.3298747036610099
550,0.26653379251230797,0.35263274533171923,0.3508053487906229,0.29070140013161166,0.43667970644170107,0.4101741023447158,0.274318629954772,0.3755906559568101,0.3841562721255321
551,0.331187211256991,0.28090979617504147,0.3985362799648691,0.325188140043763,0.44261033771379477,0.3432030444776035,0.3274750608419687,0.2947752638267761,0.397707519288986
552,0.42376602145275816,0.45543012434851976,0.4292251199040369,0.3175843770274024,0.3251930589483139,0.34291996270493136,0.24378631644461352,0.2550275123961979,0.34866016036301933
553,0.46157705150703743,0.5269975298258993,0.284912499255626,0.3914770013643293,0.33242876558830914,0.4464552617439462,0.24594883447782281,0.17051653427059646,0.2812791755562263
554,0.36846733053715414,0.49920865127390696,0.40766240474257504,0.27557845037672424,0.32268073382671253,0.3184265843065328,0.19315915195959457,0.3420811526721498,0.4143281938944431
555,0.33415639102713873,0.3506221781954399,0.3779526954581828,0.3030063154746358,0.3621020588794142,0.33457942642976923,0.30898691861645455,0.36374747925186224,0.4064391902568952
556,0.376672974995642,0.3909322596842616,0.3876748493799121,0.34625015098381895,0.35554989356301187,0.3750916737410539,0.23397415492266482,0.30990966475668413,0.3655370315627438
557,0.35914488195889727,0.3538815601457476,0.4252533414646755,0.3616038456957074,0.4078738610863909,0.2982112237375804,0.3454185818308344,0.28977834912096867,0.300427008548991
558,0.4449003540801158,0.3677770729179612,0.3546694711589427,0.24749162018917553,0.38428780478755575,0.39915198710487515,0.2805083805180439,0.2724827771282405,0.3903231857048827
559,0.36855240010456597,0.39370140556490396,0.33872032263868773,0.30693293402699784,0.5250080854357635,0.3351246338438417,0.23296429939371668,0.2822102495417085,0.3583783230396072
560,0.39237343659117,0.3970716109736548,0.34363936569113374,0.34539858687867225,0.4555412955906756,0.3031392528110577,0.29922690984967276,0.2485535016078339,0.35664869359592277
561,0.34929189218922335,0.4528497577019602,0.3470274869885024,0.3575259041713122,0.37918630904197587,0.3373377855147777,0.2256893763869726,0.33546790292668877,0.35721623866838026
562,0.35589225608456787,0.45909759596258726,0.2920869176050146,0.3773198017961773,0.3302114818301407,0.3790382640531059,0.22867443728984746,0.3096206016485252,0.4096512973198263
563,0.278962020668671,0.4072871599884338,0.3304937675536036,0.37662621080589764,0.3874109704218195,0.3409777128871217,0.3279438206589349,0.3278630849272725,0.3640279056780381
564,0.3843331308397777,0.3384431712765004,0.29796654529959476,0.2645567152410133,0.44406712945145954,0.35730105404657725,0.37252282656424185,0.31519033082260006,0.36721175004802814
565,0.3737480088773635,0.3277914061607242,0.37249611721511466,0.3780989310277189,0.40773188966283663,0.3616516546965938,0.3817837714827973,0.2212242680332762,0.31706660643336787
566,0.37286232283716436,0.39861341146152884,0.2955724887264673,0.38712071385558955,0.3752285488441972,0.24921831301943898,0.19697907448523666,0.2811397069649969,0.5848580733951734
567,0.3699779288079737,0.41579507193917636,0.26894368920930717,0.2718528341700385,0.36442041453666296,0.3721187526712312,0.3197660343218523,0.3651814690551489,0.39353645887840166
568,0.36906610415969027,0.443267799276699,0.31847582096671845,0.30501737598065704,0.3827679705988192,0.2707994914749609,0.34779402494910866,0.3798297953038571,0.3245742708792825
569,0.4140738142168789,0.30393372775036076,0.32030208644212765,0.38814463805378213,0.3234185590352814,0.40870906989117756,0.2552380628670895,0.31946508484908986,0.4083076104840054
570,0.3380907735429648,0.3790681418832962,0.3906564112353635,0.35376509683497925,0.4258766915016921,0.31754851827737335,0.2789806266953247,0.3557804506380932,0.3018259429807058
571,0.39439799868072334,0.3504882939004193,0.33304004530473036,0.29890378885707236,0.28103884427018955,0.4236249187054263,0.19385264761240964,0.4009441254122878,0.4653019908465345
572,0.3862156297705346,0.3650691037810228,0.4015180093651303,0.3775350315913568,0.3895084255503396,0.3813670147172998,0.1896077117623615,0.3435494508085962,0.30722227624315107
573,0.36736556122176556,0.32356950081676283,0.3769620754912772,0.2901844232295256,0.41271890409734047,0.3475161882593588,0.34417093025198175,0.31360815276274684,0.3654969174590342
574,0.49478412317886866,0.3802290616349633,0.29577399893582995,0.3276695237098001,0.29547552064154115,0.44348674614339695,0.22935984450394492,0.3340329192189729,0.34078091562247503
575,0.4315051257826521,0.4176901565059448,0.3686642245032058,0.2727757777499446,0.37079924750893284,0.2943239183594094,0.34030209182304216,0.2893366697649143,0.3561954415917475
576,0.3230686034456144,0.38165536797179456,0.3799107334509085,0.3541204757226606,0.356250428866746,0.333100130481354,0.24991744912712213,0.33571276743440653,0.4278566970891863
577,0.33275994994442104,0.43085187087100335,0.4342998873704076,0.23027862074240546,0.3677251556932343,0.31658674249168056,0.27503284968522373,0.37525766058129123,0.3787999162101259
578,0.4068791173399274,0.3584292009505013,0.3238389168451212,0.38289596827130806,0.34580614856660535,0.3772106906015151,0.3223622451383962,0.36470751510483884,0.2594628507715797
579,0.20526796719825197,0.2211052140701296,0.2846020905950139,0.9245212450734039,0.8232733210119745,0.15172979344777607,0.16603988691113958,0.09999976865469695,0.26505336662740636
580,0.4868644851127194,0.41601577443645493,0.3971122657075523,0.31020555197067984,0.2825201672144635,0.3968755249759439,0.22172145143943842,0.2858196604970496,0.34445777223549096
581,0.28553689775638263,0.430653049920555,0.35165873954829274,0.39954038780541734,0.3775311424863848,0.3412105979520636,0.25685729018664943,0.3036847462141569,0.3949198017198907
582,0.4486969452762345,0.4900547970095292,0.34256398485084427,0.21513167437344405,0.476134498020959,0.3301966598302329,0.34815148351363867,0.08304696176253736,0.40761564895237357
583,0.3599713126579336,0.3987901995110064,0.3689890817617841,0.2864180924233588,0.379475398075866,0.3510037174141204,0.2827207313099397,0.21184927835554357,0.5023748420802409
584,0.2562040170387845,0.40320586671608066,0.3953145787227007,0.25826163827217236,0.4649341404635621,0.41936089058047515,0.27079797613195344,0.18762419054001478,0.4858893551240493
585,0.9969247261021781,0.5730360516512084,0.27419310803066876,0.16030966856357975,0.31219631220353267,0.2363658792814196,0.14125507075218707,0.24871100469585264,0.198600832309166
586,0.5208370876634614,0.37646964105133296,0.3076433436813252,0.3665877405135095,0.37897051592193876,0.3176867544263996,0.33460915338948605,0.2186320324679454,0.3201563844743941
587,0.39829537455654435,0.45631991626631246,0.39434917877974696,0.3362159480979541,0.3914032039026295,0.37059056086332615,0.20620005570975136,0.3501006992265718,0.23811771618695707
588,0.3170919656886483,0.4425980212668693,0.4878290051115604,0.3760390260020517,0.39954278495460305,0.30708591503105187,0.2239977023584949,0.19701081142205965,0.3903974217544538
589,0.36925956254500475,0.48532194786117955,0.2689845352680391,0.4059700139939755,0.36467536458597316,0.3669662749431683,0.2412966381903048,0.20459326752072343,0.4345250486814247
590,0.3963945031305375,0.3839353421113485,0.3892079814471959,0.3707409301200922,0.32162841649266044,0.4024626609114847,0.2183905297450787,0.3705961335102639,0.2882361561211314
591,0.37084423033244657,0.34149400135822083,0.31708542744064694,0.36318393919551445,0.5518589269975706,0.3208066970087769,0.3129285416451192,0.2565008773060814,0.3068900123054164
592,0.2751542384643171,0.2596898031782083,1.1536488552779902,0.18682590199093554,0.4872621645166395,0.13102497353302014,0.19861608243433712,0.28913811797769723,0.16023251621664875
593,0.30425579232090666,0.32318935912588964,0.6173937844892522,0.1926802717887071,0.5854595521225764,0.26196060048723807,0.20797238824947045,0.23681009390411378,0.41187081110163903
594,0.28730777357234827,0.3476130113099019,0.303024619873382,0.3186727515603349,0.3327553924143692,0.43328052990904237,0.32166545058954266,0.39155813384436167,0.4057149905165103
595,0.2967990988613565,0.4122033428612562,0.3767833328969276,0.2829284927191663,0.3107792973109802,0.320483181735208,0.3309594476918116,0.4135411994958729,0.3971152600172138
596,0.424376466427972,0.4441683381146627,0.49891490998924515,0.2640669306088175,0.3567135313345605,0.31488666792612896,0.22097794412335492,0.2676089844444484,0.3498788806206027
597,0.3805107150896926,0.2953163193356493,0.38885906320079194,0.2674501241481576,0.38006439524612107,0.41000575625985697,0.28699872177560753,0.33656024915710087,0.39582730937681515
598,0.35394303919405223,0.28147201588738285,0.47061923914138715,0.31395106436322884,0.3075052569769362,0.49288659134254065,0.2537555732346817,0.2458469166411474,0.42161295680843636
599,0.42761201046077496,0.4084496744969258,0.4009363225868228,0.22844874766744835,0.36249394306742977,0.3650924224363906,0.2649137208104212,0.28909859044762265,0.3945472216159572
600,0.25924324264087023,0.37053126766747285,0.3470858095168177,0.2869150581796996,0.42540950812562395,0.42080613052594623,0.3280129817718563,0.37969928513001927,0.3238893700314869
601,0.41440753559847493,0.24547920528553407,0.29731944267014454,0.4668415106056367,0.41241975711465306,0.32445048063709075,0.26418541728717443,0.3561801088273327,0.36030919556375185
602,0.35791430928269324,0.24324220655619685,0.4218506720472805,0.3059406953270332,0.4170632400066973,0.3412308384265329,0.22643114850675802,0.24419626453898352,0.5837232788976175
603,0.19493561724698905,0.2592430100241346,0.8697265970752353,0.23691962959006943,0.359065865896124,0.24409345133685714,0.4402352700258992,0.3258735202069649,0.21149969218751982
604,0.2517157602040916,0.30844404220116217,0.904728769787454,0.20578439463765422,0.2891941691208355,0.22442798919877083,0.28384777429877245,0.2977469197603539,0.37570283438069874
605,0.3923617706113927,0.38633463164469467,0.39170245904169654,0.26810704678269254,0.3490484456499103,0.2516715467376452,0.3713448463000651,0.23521376272436134,0.4958081440973348
606,0.4614404448530343,0.4723311817738299,0.28702303097574494,0.2617387493830952,0.3470378432799261,0.30975793317552847,0.3951639555115316,0.2624026205475315,0.34469689408957116
607,0.29899391111947377,0.3519091120106812,0.6505425731426157,0.3354965572464755,0.2859624444200159,0.33580695316964565,0.24937593906712366,0.30575795978147846,0.3277472036322835
608,0.39393101717751366,0.40233030568959494,0.34459830385158463,0.39948193143845273,0.26345355752445615,0.4588846686029497,0.1892091516006236,0.3263277964742055,0.3633759212304119
609,0.3309660456182461,0.2668142038621117,0.7599274889436788,0.17852739797411316,0.34340791586334424,0.3176896662435169,0.28439620029255697,0.2849045457740023,0.37495918901822284
610,0.29503992908672544,0.3995588653762384,0.3859009232363952,0.3803244190915623,0.4959378782682277,0.26232252250096233,0.20959087001178578,0.3560921220262598,0.35682512399163596
611,0.3250833985634213,0.3695304080204996,0.33088776571843675,0.34503905387745926,0.3359989530098086,0.3736757928628787,0.24998431244360805,0.3765934325581884,0.4347995365354928
612,0.32737673583306626,0.31832775187053375,0.6420104303110418,0.3398246255434387,0.3508539292633346,0.25652397733637405,0.34773938918379116,0.2647465075026488,0.29418930674556426
613,0.4998327401278843,0.32592144881857354,0.3284593861501949,0.46676125880821795,0.27413770150829925,0.2751770411092258,0.24504220192953877,0.28939977649602344,0.43686109864183503
614,0.42591039839571504,0.305270251742587,0.2967494672554108,0.37342695329681846,0.4129982021418702,0.377108923446607,0.299773277747837,0.32276325960198954,0.32759191996095754
615,0.31507713932695675,0.34759940469439293,0.3677476458683296,0.3072982910691907,0.37426402993381735,0.45896450068333494,0.29469939750407964,0.28195030472993354,0.39399193977975744
616,0.35099140559988923,0.4113657108695018,0.38398249066987844,0.3295260143824634,0.41866174925221455,0.3982315167008448,0.2552973593127076,0.27448657070119964,0.3190498361010935
617,0.19511388860761644,0.19933831276928132,0.2777993196154111,1.0294584635498223,0.8727001492105252,0.17136949477527147,0.11604621750385286,0.09950455189939299,0.18026225565861953
618,0.31845864102941046,0.4085883810208109,0.2991511201195084,0.36310014828996817,0.3520453077719764,0.36512519954216816,0.34733953027035847,0.32513656782957717,0.36264775771601465
619,0.26045845883936936,0.425170891021982,0.3270386600648613,0.42068112351489056,0.352817515756589,0.3146996486841492,0.3586457680111168,0.3112730322805884,0.3708075554162464
620,0.3342753209194458,0.36625909310463645,0.28663122300314076,0.27373663891268607,0.3104858401403607,0.3120659845635467,0.459865239276383,0.4343236709166617,0.36394964275293185
621,0.24444640171520432,0.4044926921823098,0.41662263160851815,0.3570558290523576,0.43888043419313294,0.3733150454433121,0.36970317793981156,0.28636267699805795,0.25071376445708893
622,0.4065093670898967,0.5324031656902958,0.41924992284822976,0.3013478590100938,0.23867137141508998,0.34024885761774665,0.24748991885556598,0.2941937316156738,0.36147845944720064
623,0.35998110797402405,0.3548169365023931,0.41446434171377317,0.2984415472686325,0.3321935413289722,0.3668692275453979,0.29494350417540754,0.3663714153710722,0.35351103171012005
624,0.4142714723136896,0.393965800139935,0.4042909815602051,0.3760625207677891,0.3286282944049704,0.30613209574502825,0.27276910599345494,0.31832444131348514,0.3271479413512357
625,0.22392878917459594,0.23954202043331407,0.8894358349575483,0.13693772054128173,0.7848272775494903,0.27006327399846497,0.10519383881222429,0.2538536826637367,0.2378102154591369
626,0.40827547231456235,0.351669694780478,0.37408396512905623,0.2951297296899389,0.46985289480425285,0.4218850058758351,0.23584885042254705,0.28498898775594156,0.2998580528171814
627,0.3303401573002499,0.4254611035811158,0.37053923230328295,0.32234184623572304,0.4384568243287387,0.3807457296870952,0.2686981440378396,0.2154772969511403,0.3895323191646082
628,0.4253453510854117,0.45211241593742313,0.40062457833667997,0.24013710540006256,0.2736891609046871,0.34949657237913745,0.25108036274176193,0.2882167561660246,0.4608903506386049
629,0.3162861737049721,0.30231293738094217,0.35379839965636345,0.3610792976293458,0.3810646533451353,0.48083897414838966,0.2690027374437702,0.26999021246341826,0.40721926781745593
630,0.2388443821595295,0.3431636882534048,0.3877337884959344,0.40601282442265507,0.35596730308849744,0.36848976922290894,0.271664726619321,0.4545988183935096,0.3151173529340324
631,0.4445344975681546,0.4319670754470151,0.2809876979288992,0.4428039162391476,0.2592324326135566,0.31540487116710103,0.2740497542456444,0.3544791406140085,0.3381332677662659
632,0.3198436707878285,0.46330032967445606,0.36881016757087365,0.32677269778835416,0.27717153521144394,0.38686954679615726,0.2945246824512964,0.3219417160394218,0.3823583072699614
633,0.2989433623211539,0.39504747685126007,0.43641116062131197,0.3186801272785735,0.29311750597437985,0.2672110655682401,0.3292015416835599,0.37738754110452805,0.4255928721867854
634,0.390002211038092,0.3472714806153976,0.35376592206456187,0.34586184395895364,0.3865670727163866,0.36545215098886663,0.3207849290288987,0.28264055532358895,0.3492464878550468
635,0.3688155867153825,0.3116337000337442,0.3663456689203034,0.42263734370188194,0.3276968363673735,0.3057192920265364,0.27001036221768077,0.3298273199556307,0.43890654365125986
636,0.37019263631668003,0.39894462819185333,0.3072592360027935,0.3645124043289302,0.3493602153096716,0.38812325550284976,0.304228905616296,0.3124381606805425,0.3465332116401763
637,0.2634987272911683,0.39148330981480983,0.3957292332240552,0.4143469613355977,0.3615174662601253,0.40964452179705757,0.260930876398865,0.29744837033496996,0.34699318713314403
638,0.343307108136061,0.3020175832001715,0.46428695422955285,0.3939887770538611,0.32453398732401273,0.3169559877920224,0.3300583336932567,0.315440583764427,0.35100333839642783
639,0.3824328191991615,0.38024284968652705,0.3665779566356405,0.27600029772781953,0.3807340816332702,0.35663513916705925,0.3131206297277843,0.27822993311777966,0.4076189466947508
640,0.3107530790200315,0.37211255736563,0.39370528115662806,0.3085345061299352,0.32620360685536787,0.36963254265835793,0.3633526677041822,0.3376843928648724,0.35961401983478825
641,0.3547764585713768,0.3043669465926666,0.31909408407622675,0.342462269235126,0.299639910305287,0.3371327450699242,0.36871762740436886,0.43230419911392765,0.38309841322088956
642,0.38877244307120545,0.45860212013176405,0.3143863272028419,0.3635655274994783,0.3285399006942244,0.39373359198900454,0.21171027554727473,0.30298652023514566,0.3792959472188538
643,0.42392203967979974,0.3614506354067591,0.330722608333588,0.37073484096665,0.3684073305346423,0.30047230957613313,0.18011988455900343,0.3440516366218814,0.46171136791133616
644,0.3850080813247382,0.33578518300421306,0.2961254213655143,0.28644337070959214,0.32901868833136394,0.4050020360081154,0.30312667949610095,0.3103183838006592,0.490764809549496
645,0.3369862285911535,0.4085708728851544,0.3976439338224453,0.3476006770743536,0.3359154786840872,0.321643624201916,0.3367583672404959,0.36619209496788946,0.2902813761222973
646,0.3598399702966922,0.38248435015338117,0.5040342672066466,0.35770364019513445,0.33472753302244646,0.36771473357152035,0.24322718539084875,0.21667110703738607,0.37518986671573706
647,0.3726296596974423,0.5391963501662206,0.3640464808636642,0.36239957473904183,0.3007215479123112,0.37974071827132977,0.19934566411577778,0.3014155831089444,0.32209707471506066
648,0.29310646809894797,0.4328705908098409,0.3598232957892546,0.32676416355009485,0.3507014500721029,0.38878700814973194,0.3734996846607378,0.3045034860356014,0.3115365064234803
649,0.45226209070130474,0.3528835498683457,0.29601640604923174,0.43266555352771296,0.2086625240406532,0.3436519208927908,0.23909629260569076,0.26160177510790644,0.554752540796157
650,0.3625279442925224,0.3054378243146538,0.30689628465035645,0.47511668667943185,0.3179880763711963,0.3884306740429636,0.2390280442575328,0.37037018378634423,0.37579693519479207
651,0.3791104531803978,0.3402319689142043,0.2932027127675872,0.3488829658005865,0.31782182672823733,0.43028459369355737,0.3445064685664942,0.33552915805313016,0.35202250588559847
652,0.40426356654945433,0.38510106326903204,0.33795868558210507,0.2915581309110085,0.33747325662586936,0.29962867860446396,0.21922554458388,0.30065669737480555,0.5657270300891742
653,0.6627344539048683,0.42277142118946404,0.29467029107332315,0.2546773206175604,0.3347682522108843,0.2475031482199936,0.17043660238037958,0.2335246139899838,0.520506550003336
654,0.3884982178678936,0.47719354375598416,0.3710178090555211,0.37979895228353816,0.26165559807268796,0.25993273899990366,0.2694120875625491,0.32553374931085804,0.40854995668085764
655,0.3147070779579132,0.36482770492380845,0.3602546075258974,0.35596112240143984,0.4304071887488875,0.38767314048714335,0.24496866751192167,0.26774091952010737,0.41505222451267454
656,0.34175857706375035,0.3739195781709593,0.2388719183973957,0.2753095346972962,0.3803174920786841,0.39197257213576625,0.3834363569076036,0.35919623621954466,0.3968103879187933
657,0.4071909720167702,0.5730426394858816,0.29000202667137004,0.41345636333868524,0.2859843292955047,0.2504050053438985,0.2050839069860629,0.22890218709252097,0.4875252233590992
658,0.3639863054161767,0.44019214567376086,0.35215737566412386,0.405426038369544,0.3517539944530429,0.2639789329095644,0.28270123399387925,0.2897843559064203,0.3916122712032803
659,0.26944941438408915,0.47287646008003026,0.3593645255469965,0.3356090656426007,0.38195406034776797,0.3855691286675553,0.19728447966311669,0.328933121665597,0.41055239759203976
660,0.401197043442467,0.3145223343218465,0.3718358225606473,0.37526813757913086,0.3372294058467966,0.4391974353518898,0.2464483607979446,0.29836870995880427,0.3575254037302662
661,0.487090385893147,0.47502972171627483,0.29715661642238606,0.3074718220000903,0.29288255355608056,0.3415745034832955,0.2695999272954433,0.3683037847415363,0.30248333848153935
662,0.39459258330461583,0.44851705664912017,0.2742098988217545,0.31486810682112937,0.4028077293629662,0.42724733545497406,0.25053354916813225,0.31711905990384415,0.3116973341032563
663,0.4643233938534756,0.4982779121860627,0.4002496357119112,0.2769968315125049,0.2807795359526721,0.3295776805631885,0.21639559452537666,0.36318404978361746,0.3118080195009841
664,0.32253094006914373,0.5140856120016841,0.4279802507500369,0.2950069914412012,0.34198241144777963,0.2989979510749193,0.2869354174595228,0.2756572986092306,0.37841578073627474
665,0.3529023743832042,0.39056630126454117,0.38480149470174246,0.2736373119381909,0.33938257197829885,0.3626403274076464,0.32154726005006457,0.32353554061436923,0.3925794712517354
666,0.316835097685021,0.4738646956851933,0.18539159954197726,0.26037248287895104,0.33509446576727836,0.22930124404811492,0.26094789891045517,0.25568794258835714,0.8240972264844447
667,0.4811582364179063,0.3711671016878673,0.3745409874372924,0.33022996740451077,0.37723856311961035,0.243552691948525,0.2769388899471939,0.3010770633736205,0.38568915225326655
668,0.379409942643773,0.37895985049828157,0.2939140540756256,0.4128795424622107,0.40880857375612156,0.3041509512494318,0.20343412165930888,0.34358939010886774,0.41644622713617196
669,0.48752769242536226,0.4260064293091206,0.18163978699238764,0.11123109449404399,0.13114507782140172,0.09616936036053847,0.09881638149274752,0.09361476822031317,1.515442062473878
670,0.6740185453275854,1.0647360011737883,0.24581713157269622,0.06817644202032225,0.2676241130834735,0.23689886589405676,0.1924202006598055,0.15799420159816382,0.23390715225990136
671,0.42836252335214997,0.4672269754129872,0.34974347763965974,0.16075971176111792,0.20229548102375425,0.4097181097640898,0.3662489472135426,0.32647134993262916,0.43076607748986245
672,0.4780675371808546,0.45037062952453644,0.22505397474256156,0.43372209179382176,0.22295514077770015,0.3139191811653072,0.2953854805889828,0.3580376585277523,0.36408095928827655
673,0.4927689571403672,0.29846837442476853,0.346594728023559,0.5067850124880408,0.28346981754073264,0.2701749957252995,0.26803531549381693,0.34487975796480635,0.3304156947884019
674,0.4336638418875237,0.4811559466746587,0.4962947387767054,0.334603620983023,0.33502222638651086,0.21053043071603858,0.20694549656590056,0.27613530016884075,0.3672410514305915
675,0.33501613118964296,0.7512750183561953,0.29918726105067733,0.24384971731832794,0.35075865584853627,0.4595549461414976,0.2767055471618025,0.19433170754599816,0.23091366897711554
676,0.4727515659122243,0.36310223706326494,0.2661399759699399,0.31043858946814323,0.3941141692169804,0.34731626454470027,0.25854399310925846,0.3229299287093327,0.4062559295959491
677,0.3571083954289483,0.28156645412707554,0.30322350040086066,0.2437505602445193,0.35704541923833805,0.6232550998362558,0.18805979285178942,0.3574488845413433,0.4301345469206628
678,0.38415477745302246,0.3220859382427065,0.35414931458276233,0.2055616164709875,0.3929322280579627,0.37220913210622697,0.3308028407826697,0.28654247454125437,0.4931543313522008
679,0.4204151440591548,0.49789046243244534,0.24594187286337343,0.35683642895375545,0.2928899218660149,0.3284534287305244,0.3681508267784523,0.39424483551914047,0.2367697323869319
680,0.46617079306077036,0.4298954891927139,0.3299406710491252,0.37802709244756416,0.3931367923661202,0.3326730717006573,0.2678991721413583,0.2676453844674304,0.2762041871640531
681,0.33679993436509387,0.3107313060203785,0.34556243106321327,0.40822147652307295,0.38340312382759867,0.331286031266539,0.2718686356311851,0.32298585023043835,0.4307338646622739
682,0.3358941577369287,0.3342511755127929,0.3799485993512817,0.41883462959391377,0.47761912247592836,0.3245298607339008,0.2971081182742006,0.2611575671759193,0.31224942273492645
683,0.4632942672519743,0.39037243672768696,0.31477235518422875,0.3097125988195738,0.36687089920915944,0.3398770322511157,0.30858061962229777,0.2227866760460133,0.4253257684777427
684,0.41697168108784066,0.757030089073454,0.3656174628115022,0.0989968905977987,0.23689230009019577,0.305424638041676,0.0701018392880112,0.21389625755632805,0.6766614950429866
685,0.4368826388599234,0.39572793413216867,0.339061174373493,0.38099747806582246,0.4504970978072561,0.2956658960243232,0.28579421178759196,0.2343208907819348,0.3226453317572794
686,0.3820569091715686,0.3336666943643344,0.324191729390895,0.37050584921650215,0.3963845413084074,0.34930064199737876,0.26967276490994,0.36762212952358475,0.3481913937071821
687,0.5089554605699192,0.4205598416321815,0.33586459490646753,0.3398718916834613,0.30866939827515466,0.33274841169744224,0.22167208259420149,0.3029874694666287,0.37026350276433617
688,0.46896737951190265,0.41518111546598596,0.3418748643090181,0.3433615750488773,0.3406317407501641,0.33511791880719943,0.21125335966023412,0.3143104324395479,0.37089426759686334
689,0.4472866826844669,0.42175894773106365,0.3686429111786617,0.33359904237077925,0.31208632373700174,0.31610427895498777,0.2536656893422263,0.22297333063562141,0.4654754469549849
690,0.4589222137828586,0.6732741655405403,0.30486378575322504,0.20065168933093414,0.239762247104395,0.31390173021923623,0.2918571553428418,0.27276187163683707,0.38559779487892487
691,1.1278108373343938,0.6467036862846957,0.203129473500382,0.15309838038053245,0.24236084186612852,0.2226304397617946,0.11741190580445227,0.23487861690568185,0.19356847175173247
692,0.41511882824552665,0.3768907650063061,0.41555507332085306,0.659436069698584,0.30185836218033596,0.22179252958026732,0.12380316578951697,0.24456516749992996,0.3825726922684731
693,0.3674253209645955,0.39603356910564497,0.29913097073126005,0.36277417577083176,0.3931757201802234,0.3486431381424994,0.25283390008287937,0.2889952259955178,0.4325806326163407
694,0.3599367261072898,0.37438877593789566,0.4291119843397226,0.40601138526221725,0.38134494313596484,0.3294790125316396,0.2382103796449474,0.3116713178700573,0.31143812876005855
695,0.3855047901365379,0.3571014194163828,0.30642631706284384,0.3916625071706139,0.33834190245599755,0.3562481250267295,0.22991229379097175,0.38153704112270986,0.39485825740700553
696,0.4783761817776771,0.36533526407288397,0.37334310240571567,0.3783265671708725,0.3752479838444708,0.26598294527841687,0.18802423973790774,0.29259374441499525,0.42436262488685333
697,0.3398814125643561,0.39973976381146065,0.2992837235659537,0.33630458642601263,0.3268546161376637,0.37611521517667695,0.2952457041841885,0.3799406279839243,0.38822700373955704
698,0.36976230639721186,0.4409865044476307,0.29570179617556785,0.3833908775410746,0.35652561075694733,0.30105941907642336,0.2784583748361002,0.3386685035226396,0.37703926083619754
699,0.3726539477731373,0.4998043490949471,0.28303943088649464,0.272217231256516,0.3542989743548137,0.41722240546954326,0.3596990694661984,0.24513916856558263,0.33751807672256046
700,0.4536482831780297,0.45327320814261124,0.34905028274092353,0.2778299760891396,0.37004938193945114,0.3337083204966967,0.31027142824390236,0.30911704290107317,0.28464472985796535
701,0.34424669742633796,0.32793215317328506,0.3221223988552086,0.3675814422121822,0.4213881501152608,0.31831223661235153,0.2787275384873868,0.36066629966794345,0.40061573703983694
702,0.2794628021136772,0.3861078380749709,0.3847824199078576,0.3454940280298681,0.4431915962326475,0.26883344429740763,0.33429356904218105,0.4265140270630012,0.272912928828182
703,0.34924122214517495,0.4109652948046252,0.39241122603939316,0.36229695609277357,0.47760565855813447,0.29322508320011087,0.2272507761604867,0.3182342832890427,0.3103621533000514
704,0.3912503551912036,0.3240175281069156,0.4189220556676622,0.3137962238671516,0.3387204928372135,0.4377587403545925,0.25634728604598755,0.20003129616180323,0.4607486753572639
705,0.33219800782237496,0.37897580002431064,0.37688892937878926,0.41117331706823695,0.3316299596830877,0.3455766583845149,0.33627536563874766,0.25679047168348573,0.372084143906245
706,0.4119240348440725,0.35630474750626967,0.4048282862115379,0.3752336873450336,0.3728876067941568,0.3563137739978716,0.2869135045360365,0.2500484826883383,0.3271385296664765
707,0.3643771658815674,0.34815899689952706,0.3966552201167995,0.3141415092964476,0.5385128238483087,0.31410228627583825,0.15854444375065027,0.3013804782857803,0.4057197292348742
708,0.382207889643413,0.3251814634732264,0.3634647049214896,0.3210928761393527,0.4600010095283592,0.31333113399802437,0.34698275696765124,0.27935634313036606,0.3499744757879102
709,0.4683337765125308,0.38942244692089406,0.35618175573744854,0.385095366148497,0.31363426154113266,0.2951676037641882,0.19870578670469063,0.3870722832309785,0.3479793730294323
710,0.35800219446193043,0.385020763662062,0.3637850986639597,0.330357000606872,0.3782197881329346,0.40729500414962666,0.22934887003064366,0.3196059412491473,0.3699579926326167
711,0.4134826595980194,0.3521178208664066,0.394493148930173,0.2601370479713823,0.3941662025817117,0.4470887914463986,0.2174668207182292,0.3382169731178349,0.3244231883596376
712,0.36088011463297964,0.4395709858266042,0.4099846983384535,0.38521495712246523,0.35864749476812274,0.29961021967424495,0.28153831733965573,0.386796139286084,0.21934972660118304
713,0.3376990248461986,0.4640696983302071,0.3448844932833834,0.35103759221130887,0.34897098434516294,0.37585464393410034,0.23200159713729215,0.320303835575035,0.3667707839271046
714,0.405163462507638,0.4056075727242572,0.3975879885927214,0.38542432285770667,0.3306513358168982,0.32819788251735266,0.23136712799364176,0.32295559502807636,0.3346373655515005
715,0.3770692163097735,0.3735889309177232,0.36140202127979687,0.407617983361197,0.2927988689826163,0.2649077464020266,0.29375924548990223,0.40529196019336916,0.3651566806533886
716,0.3765984096831025,0.40678380610927056,0.37739164637324485,0.2876854203605493,0.3655333507503487,0.37721276405525395,0.30050209686575724,0.24360179809500296,0.4062833612972632
717,0.4098363113095684,0.4117327422662695,0.3107633318503201,0.2748984645263578,0.32522666761436,0.40003404470336085,0.32516540844561176,0.3580505749605571,0.3258851079133875
718,0.30694903691329084,0.37181807935471023,0.3434764893399769,0.29505661529137117,0.3674142007321457,0.4064723633701243,0.3520334974288186,0.3145782821734782,0.383794088985877
719,0.41265585540781474,0.3611225570083479,0.38332087483714267,0.35836945380071306,0.3562472131579576,0.38326589616196444,0.274834635884212,0.3325382359220156,0.27923793140962483
720,0.423129792479838,0.34576715231940414,0.35619528432360936,0.4043311241724856,0.35261543915373444,0.33740606989932775,0.36510056840931787,0.30546215367697227,0.2515850691551034
721,0.3902764622291614,0.7233859613312102,0.1407218850467658,0.32945618554276535,0.2362845196259177,0.33322844621748393,0.18834655525120564,0.03871066582749651,0.7611819725177866
722,0.37779550327591294,0.36132082479321853,0.37762273921389145,0.3514939999943717,0.2781153635365654,0.34742158719620625,0.3490910993731812,0.35966115195824233,0.3390703842482034
723,0.313220577120353,0.47537390872643626,0.36933675439981867,0.3603188857515941,0.4174339224615736,0.31655955190571494,0.2953087010214283,0.25677582526624826,0.3372645269366256
724,0.346089355547927,0.4679237349598384,0.334936739233042,0.3487430396759917,0.3950061534502015,0.3761658056460847,0.17818427683501897,0.3532062789812106,0.34133726926047814
725,0.39195735599027687,0.41688063178196766,0.3972401770780823,0.30538818930424366,0.33449468202110005,0.35662155744424234,0.22794773053815262,0.3569387251348172,0.35412360429691053
726,0.295067067796882,0.4513644727613394,0.4022499566442376,0.3285461840415612,0.30431460484216044,0.3836002484814476,0.3107347235247115,0.33326960652417764,0.3324457889732757
727,0.2844245953650888,0.5009726728741253,0.3244597237399057,0.24624562729026955,0.3256011956922893,0.3942659175374058,0.33626612487544016,0.3443706421434299,0.38498615407183845
728,0.362802226557082,0.45447544464708906,0.3261161279362009,0.31695952414940304,0.46358149061021886,0.3443424582246063,0.2923519111301745,0.2202767865347557,0.3606866838002624
729,0.36477814210773646,0.3777128558552795,0.4680797803988586,0.2969045101253312,0.345132414094257,0.3761414697298885,0.2594022526276881,0.2821985376105732,0.3712426910401811
730,0.36749561900212446,0.3882087340527775,0.28836774099065476,0.29619728893697306,0.3700293727807686,0.27343233780160636,0.37922700314397767,0.33629385739032736,0.442340699490583
731,0.4049881822664586,0.3818464933871218,0.37911444397271854,0.2698084088883752,0.3192836279607393,0.3624487877778968,0.26449515560863257,0.3353479174363044,0.4242596362915456
732,0.36683796739082447,0.4030912888425236,0.35149947212404203,0.33955741873485873,0.27557093469614374,0.37014670480164896,0.2676650283801206,0.3497378982338016,0.41748594038582976
733,0.37700276350071465,0.3969027923441634,0.4200212257031438,0.3962502972975328,0.4303583132674195,0.31990730833213793,0.24644388285015065,0.27825443017570695,0.27645164011882284
734,0.35363954710848255,0.40011894287901717,0.2794009155235063,0.2700260419188666,0.33176771407531036,0.4986035501887012,0.21822329677365576,0.29637424254778927,0.493438402574464
735,0.3907719443902372,0.3629546261085693,0.13883082237676136,0.36597302773027224,0.11483006201924337,0.19264808177183185,0.2705661404444841,0.3082156726905953,0.9968022760577978
736,0.36194488929120255,0.325529685129515,0.3785673749869208,0.3147930259608911,0.39460620921213396,0.42454631407881255,0.27967142985042454,0.26712956771187446,0.39480415736801827
737,0.4646379469449152,0.5241929887259921,0.29960632992853814,0.23475469188594103,0.5040212758882432,0.2574085374357676,0.1529724591470822,0.23843029418704323,0.46556812944627074
738,0.3931322052831536,0.44529611821660975,0.3467900776045639,0.4142090974761276,0.31008962650077726,0.23806247465972982,0.255534933557568,0.3162486775625536,0.4222294427287093
739,0.3900790534460396,0.38337140896902966,0.3380350267123237,0.31090421312485367,0.3317693932578972,0.2826093237382441,0.3341989308726301,0.3997226592275571,0.3709026442412183
740,0.3222662794515458,0.3408104398152185,0.4535816430948021,0.30031398553073907,0.5209891169637227,0.39739183615869017,0.17114305270135205,0.2802374325651113,0.35485886730861166
741,0.4063717402571502,0.4803355449669539,0.2711925502917293,0.32854786791162577,0.2976971620288739,0.3527606524990611,0.26228799436598554,0.3094822258197404,0.432916915448673
742,0.4361169086769662,0.38625155739650874,0.3654776551296634,0.2839223276935721,0.37071451608604505,0.38168823606433616,0.2518022247886175,0.24760590439558247,0.4180133233585011
743,0.3071839986442306,0.33279831706566193,0.41303187043628925,0.32250341513395125,0.3474222076739243,0.4502456015561457,0.23034827188337512,0.2509007911153136,0.48715818008090117
744,0.40494798360722895,0.3970436258334651,0.4343128862610481,0.21745910672517557,0.45295470584932346,0.31059263891194977,0.22883993877629816,0.3231612012476457,0.3722805663776582
745,0.47395152912453425,0.4925845551362711,0.407541507141841,0.32161640412359266,0.32062036201103067,0.36469693568645084,0.262355906907682,0.1845970654873144,0.31362838797107573
746,0.4493250748107701,0.42827043010289173,0.31987494695537966,0.3656655295728628,0.3511016312278218,0.3409442735476538,0.24044420972312025,0.31449394242492684,0.3314726152243664
747,0.2982032503957858,0.3029672338114035,0.37042508845758065,0.3595730110632174,0.3194895205248931,0.35104183231726904,0.34134471157097024,0.4696654271469444,0.328882578301729
748,0.34940249628115255,0.3161187711463095,0.3103039407048482,0.2905666672668626,0.5428739643777774,0.3698695963045534,0.21738920283620503,0.17272435039819364,0.5723436642738913
749,0.4185991761593077,0.35955733469510215,0.34958167932045436,0.36759820781892616,0.34603355489451637,0.3297412175160979,0.29012343668178464,0.24220063559142413,0.4381574109121793
750,0.42663285168005505,0.3644576136104943,0.39167017806619514,0.41102393514593166,0.3816187794632657,0.26184690725349136,0.21720631825948578,0.25382744510834954,0.43330862500252426
751,0.3503445517442742,0.3417290176899325,0.23359859772050579,0.40095952734620777,0.5926905934148321,0.1995946105357419,0.4544344356449914,0.29847759512020827,0.26976372437309915
