,3.0,3.6,4.3,5.2,6.3,7.6,9.1,10.9,13.2,15.8,19.0,22.9,27.6,33.2,39.9,48.0
0,16.02195247395171,12.2643739510589,10.553160972772558,12.029935172207376,13.122600416520163,13.450015557253097,13.010839361215199,11.518352320766597,11.122061802102847,12.595745605713445,11.502252411470387,7.90917211435656,7.048282442582325,7.917080118356748,10.621250514526572,15.571267113442946
1,20.064707030284616,20.752571237063545,21.122397246962947,20.827352649274747,20.0516295062196,17.770461299377793,17.54794667159929,26.21113384905017,27.40484966007075,20.978063946728028,17.578632757433365,15.242604754491053,15.379164180685878,15.998572637410955,16.95487939193628,18.228866871899058
2,21.028196347587322,22.277562812164643,22.19553253349757,19.621125151527025,16.698515132860823,14.07484126701562,13.886596521483016,18.145316260165735,18.36376033637087,14.071746777892251,12.964049617155395,12.832965678074972,13.385413237556204,14.358616164903278,16.401316880258474,20.008919707159087
3,20.785587041765204,21.245352980005613,21.44044700793506,20.86061767358039,19.153456667838796,12.8196720130994,10.760235051411506,18.601807536389074,20.675987326630448,19.28288503420019,17.11289695733292,14.406770519493616,11.495369689633925,8.899216703090564,11.14300261459586,20.654750604249195
4,18.029279227440693,21.41103654562732,22.61481821812933,20.201781165135383,17.62265516710484,15.291523336039235,14.855633390561895,15.99691132730982,17.01977273523527,17.93046732114678,17.045457376891857,14.110421929198033,14.31646355792623,15.329189917260308,16.165761047448708,17.052215956618852
5,19.670928495892827,23.20832944442336,25.321610296966934,25.398276903525513,24.29188860188976,20.875695886417123,20.34049911297024,29.038869528960362,32.77934293694491,31.378435241166546,25.533320844167648,16.535339495531737,13.698978179575311,14.017347399838409,17.679750159107,24.63303531117871
6,21.814955049244542,21.187648861294242,22.43400706346628,28.9317680170076,32.559106966380156,27.69498183139119,25.04204319366891,25.057352637593954,24.080005252200227,22.339008078725396,19.629100280823906,16.064970081530014,15.52263306941372,16.916528436439187,19.264496045198207,22.849583768648944
7,25.108772384386235,23.084422150075543,22.566584651312063,25.621086983725156,27.190682186222997,24.61958488297479,22.705844194473382,21.892110975659236,22.997203065906522,26.452966177422887,25.581901641075852,20.730075251663987,19.904756892386835,20.259531629143705,21.657487068668008,23.939102658077044
8,17.945648159222344,18.358421931337855,19.066043793922827,20.551338438780743,21.288603400950137,15.930192406930388,13.816750582614054,18.19871104691228,18.730249635833818,16.911443768330642,14.901825670621827,12.755096086367292,13.714155347643747,17.25754805767597,16.874758194339037,13.053219050786817
9,17.55113262665876,15.239950332375871,12.965153543605046,10.58890968659749,9.156079672964765,8.602192432787364,8.979689194757594,10.22880352173194,10.86749203648117,10.424738987868157,8.506379258206557,4.794591473531876,4.122014531828861,7.0795791399476915,13.622459577339052,25.815325865580213
10,12.368622621069921,9.815866569926003,8.855680210745149,11.591908874679277,12.984814543494203,8.24675891265857,6.9874060750957145,13.393368039063013,14.78234649237753,13.137648409226138,10.889712111547704,8.246390780512977,7.620642357344564,8.971077985928238,11.664979218214803,16.24418734995777
11,13.59221166121768,14.779523588587361,15.084833246446216,13.89000762385254,12.4399309429884,10.952486158770924,10.19074957611517,10.622791500464357,12.176262716742068,15.382890003394301,14.302847241155662,7.958509681736054,7.9441068457689274,11.038959807593683,15.79415261563684,22.729962762866993
12,23.155800699121666,22.96947175330464,22.974955898822017,23.711223211253564,24.068226010429626,20.72431209066328,19.44366666782492,23.00609063627519,23.151363225478914,19.949116497385155,19.82134666275047,21.490432126489562,19.544910680383232,15.581387057878644,16.513987478786376,22.777298530283996
13,22.655425153650434,23.341305313592418,23.833194192057412,23.812913781469632,22.836257564789857,18.533319367470718,16.05130987536447,15.473032063266485,15.79972231550823,16.640534494795087,18.498769138585903,21.677689141859876,20.038982878606905,13.90221534053809,15.39749926929307,24.38130070404869
14,22.973532235799897,22.88853476621257,22.85645639408616,23.193609088617894,22.945412086139168,13.486068551518823,9.890348864450662,18.732030810836733,20.837628318274344,19.414082367949437,17.638653668388574,15.555051308826183,14.413882632197717,15.14588589555962,19.20504771910829,28.60377702815166
15,22.10581594248278,24.723819765950193,25.81194818018513,24.484611579327286,22.050771600801333,17.86700142629266,16.363152806324585,18.58218648589758,19.226509261414414,18.68485936671677,16.76015494862943,13.687503337900392,14.23656564115315,17.542080103862162,21.526977408082217,26.904005374794043
16,23.518035328293877,21.544972279861224,19.617526035202786,17.561152234645043,16.885062618979305,19.408098121988772,20.159397358634223,17.84227232319929,17.420846498151523,18.11868822950897,18.345629863919267,18.46281161560476,18.37088683069758,18.13532698549725,18.765558866634148,20.789036411911006
17,22.69320238604831,31.38424294528964,34.008614069382915,23.890030198000805,17.313121521902882,17.470695943417237,19.592053400810567,23.750169786732858,23.206289185496953,13.935239125540964,11.410094604816054,11.77851647119522,14.410030691357697,17.907063634974776,20.94879501383475,23.61912153030478
18,21.278613761637914,26.094090259039426,27.329216802460227,20.690443372591623,16.78440277862061,17.97450109535122,18.207831744527915,17.52366256112063,17.34389597127933,17.612176502062272,16.983717385332497,15.517895777955516,15.785911997675372,16.72242143261895,17.669361867490593,18.79487032957956
19,22.201159651466362,21.235704138000493,19.653055783405414,16.55599051811336,14.87860933433953,16.2018397631024,16.83087791922384,16.646530394067792,16.732809970723018,17.25889942819762,15.881873129476597,10.901514350498417,12.28571325492506,16.829459185882467,20.404555170745635,23.94786694595113
20,17.962455695364184,20.047745702618883,20.82826384008299,19.069604521219738,17.994875933402515,18.235565175418806,18.88721549270259,20.110074710022225,19.810311709465307,16.143615021524173,14.514392823865126,13.690732762178659,13.479158897704927,13.645876365831542,15.104345425199055,18.349100494889257
21,24.64418363664369,23.092657111103826,21.43574638111896,19.596974065684243,18.015000854228365,16.784348153634873,17.04624111496686,19.419209398943497,20.73530637472608,20.4021048490977,17.40889461189645,11.855083667321328,12.288719995421346,14.472615215662247,16.589947603598823,19.070898110157188
22,22.626700623394917,22.36394281611771,22.30555669852724,23.04924888565802,23.391113518057743,19.65983572061237,18.168138811850103,22.16048089459761,21.852825002455777,17.252943551181694,13.557224037587172,10.65375411574445,12.871983539949607,17.792999092879985,20.885733481136217,23.17686746807624
23,24.66851685838995,21.489857532362947,20.0220632120823,20.93584869586491,21.952344211614573,22.98624298402045,23.00712548804869,20.923374971137854,19.71513937474945,19.826200225465474,17.762877648153843,13.42795161349788,15.66659800139521,22.65131053322579,25.148745730132717,25.161906842889685
24,18.815244510484547,22.71245353177925,25.196956833799113,25.48756262192033,23.429429964620912,16.91928329925604,13.977933449137637,13.897556083593846,14.518910569741701,15.602314421909103,14.732706881138169,10.739984957188982,9.096069807144367,9.393302569497871,13.010028004251474,21.158318283070148
25,19.633429376386736,20.95229332278293,21.2918103638511,19.890721192995766,18.346252600294115,17.002106410825196,16.362859394037052,16.432951639437498,15.803961398785642,14.349743923733184,14.475427422712102,15.609993443195243,16.860034872746578,18.20824911430903,18.146992505626216,16.096288003745393
26,16.762024949972545,18.634338800093385,19.132862411187904,16.377281816245908,14.920792188398643,18.06604248799578,19.130230540355086,17.657849923490158,16.71969883111524,16.178525557089497,14.496038022020482,11.744859971800025,12.859081141759317,16.576050008320646,18.383053484429404,19.484266396334654
27,13.905788432225473,15.823449089205958,16.464664490367028,15.156338184076422,13.391647232889026,11.113563233313702,10.38474891661151,12.54906832064747,13.065093732922014,12.639370780130532,12.236722440504785,11.818542438702782,11.946924967761511,12.995345898575737,14.823593581728156,18.02418154802079
28,16.06269010584167,15.789015477324101,15.468346747738364,15.038957544113243,14.885018323609454,16.772663666688324,17.687416959886626,16.879961536380808,15.434336782293661,13.495599629671457,10.961025982690138,7.916803872687982,7.01954868017496,8.894604137930244,13.12253639805506,20.89444284601884
29,13.66879931561434,15.153822382469707,15.349662146348582,12.85835355661137,10.72191767613713,10.164870049059736,11.352854659141636,15.12783683307609,15.589966899996565,13.265661774298398,11.1167095042261,9.0741641341811,9.721770009827013,12.490868738057266,15.95002238451704,20.689498588697738
30,21.661974860866636,23.329334072693825,24.056250577548422,23.352406716125728,22.64683372586247,22.490827163882265,21.434556750985106,17.186049391711897,15.841534124630424,18.30592554477064,16.267216464229307,10.97047486034397,11.886674590421748,14.921997414550166,16.722574796506986,18.17858756517636
31,24.40347925715233,21.337031218507157,18.88023413173157,17.059380731513453,16.947836533999663,19.66330160878842,20.90170936720794,20.70260620715932,20.073433765930705,19.14847686675958,17.340557701912715,14.53206425792449,15.723130039678963,19.89652689641056,21.389273221546233,21.508369784103717
32,19.690878464316068,17.739113716507784,16.21750344541604,15.276940730707905,14.474225149038924,13.624678652100643,13.802042395304396,16.506925001342747,17.65926380682027,17.16007651074867,15.126541492174981,12.010232279290495,12.515983043062429,14.572091833206217,16.697397159396758,19.27208335956676
33,20.612977783668082,22.229720587050604,23.43085133387699,23.76666605225424,22.56587534873524,16.66347198672329,14.594279333378802,17.849344876329877,20.511348206008435,22.60622110244343,20.55541065416248,14.397921089694062,14.914190882734934,17.18609311038642,18.032323939406865,18.436531338366912
34,21.42517216892284,21.401706637566445,21.683470980549686,23.182103517513543,23.814564738802606,15.971297350455732,12.78273613096649,16.967238122492727,18.7023798003744,19.220400721581083,18.485930458634105,17.243567118848826,17.600213276288997,18.6436410187546,19.60207931805985,20.676510688941654
35,21.08614334065534,19.804118453994473,18.964506475453682,19.493759327911302,19.293138079509138,15.014179397349597,13.302435455837676,15.051027522846782,15.35275363478555,14.627487207148711,15.292377369716261,17.33905774721291,15.988260709878821,11.375886686753425,13.383412855275749,22.760905209389975
36,21.662965784593943,25.082445567531963,25.136806447441767,17.195174389417783,12.297769731971776,13.807548615167843,17.31938648155896,22.94269018896628,23.62700904241416,19.520155611453404,15.9667453227767,12.715091076036256,13.26691470849247,16.578139296758906,21.251371484191726,28.01824909771825
37,20.110897918851766,17.24360628246008,15.721254082889804,15.947930858165254,16.72277525455278,18.179662428869676,18.85805131644307,18.450518069865435,17.529037358479844,16.139526561992696,13.65693930087419,10.08366242060656,11.119484997928033,15.039999981276065,17.630372597075564,19.8389031761068
38,16.02921027977259,14.150615518774813,13.523105399907056,15.720108499604873,16.917585038151724,14.440427040832342,13.887691293779373,16.469348860650335,18.11017189049692,18.565620412607952,16.118518070690193,10.909918505924622,10.613609507417664,11.808523876497468,13.56729501884363,15.967593774485788
39,18.539953467878128,16.802982348571877,15.71543841576611,15.579506569605057,15.2659044317815,14.3683112675918,14.192612033618893,16.137031647947882,16.871851168962337,16.447915143569205,15.275771588012482,13.567259291435489,11.55144087680909,9.469512942883442,11.43936015668977,19.93162820933253
40,18.439033653255436,18.74730381333879,18.684217272224146,17.969652806595793,17.068081739646676,16.11390199896028,15.351194222572966,14.790864857902749,14.039808035136899,13.043265279290717,12.187543288088987,11.450829359752724,10.094982049274657,8.280222656658694,9.929774377621968,16.97222217095728
41,16.798128041320048,15.51101247550775,15.023555416214844,16.548145405150688,17.378602458797026,14.17381167532044,13.23264019626628,18.314097673710634,18.644062699085538,13.988436578801906,11.809947010623004,10.457201727039278,10.166307794987048,10.191296101806538,10.984189590230892,12.50011378919919
42,15.280782494820404,15.287070342720328,15.692254592509022,17.223727359264977,18.14094852743903,17.60759347788489,17.40790956094549,17.96128857900598,17.424532398611653,14.644602456261332,12.961810955173052,11.89817752722455,12.0349649735848,12.873446296995564,14.613023056826062,17.519939433785424
43,14.18756827459581,13.874889909485603,13.814034253877583,14.412563371591592,14.736404653866547,13.76662687582874,13.179928644182446,14.147295838061861,13.458345528408413,9.994691189096216,7.270333635894254,5.163160216765624,5.6649514673248165,8.798737236423685,14.308407460592669,23.562644703013692
44,17.736255761850337,17.2612913329475,17.11753870532352,18.379988788516886,18.84332007909321,11.401119615093961,8.200029624406707,11.345160412281874,11.871018125294164,10.674165448256273,11.731390647146542,14.279853399934828,13.681648784539492,11.203376492079594,12.559696356509797,17.60710202866978
45,15.690799161019475,15.328266286316373,23.06082335674974,52.10632903906182,74.14756055830362,47.432342578035346,49.38360190858865,128.0964479419327,141.4002125474926,108.31260450517645,74.56758188869553,39.84194662042077,43.54171726065111,61.890199404079276,54.858589503672256,31.93416498031382
46,10.552448567451046,14.025872329324084,18.089331165650115,23.66267148936396,26.48615583878908,18.499258244981014,15.748175200366253,21.87216181303718,25.672553780203714,27.842769021706935,25.463648556604326,19.83069948419456,22.012678881796685,28.43978216805433,29.64942632229459,27.432941892409648
47,15.580825170741047,16.343876361969087,17.538458250019275,19.493691959519712,21.378875116453575,20.642005948575978,22.471346018766717,34.64085315013863,35.97454022611497,24.597351216894722,21.31525482612319,20.028988894360392,18.346829934672485,16.49298275349474,17.80629714335436,24.09652578250872
48,13.547917797309347,14.726715594614996,16.991633681388958,21.968623111461405,24.97439270333639,17.558275382517557,15.460321217462367,26.61881751437884,28.069543523168527,20.960493032565026,16.40459867386941,14.500351252756696,25.160672217053033,48.645304352984496,45.27110048958944,13.158746466926857
49,15.062171818839767,16.689368487593647,17.72398196350138,17.871480367631943,17.162641348776585,14.835663170965606,14.040617061982113,15.371530376387053,15.967763911554767,16.04518870770997,15.285996973186696,13.901939165398488,12.485930847260025,11.301723224690132,14.196069762344194,24.01792191363558
50,18.35687945141881,19.468427486419046,19.777907768592375,18.04374635243806,17.22936696002487,19.975615833945557,21.623186193158464,22.048971184403147,22.427821086261996,22.7728468476706,20.747478758424627,14.026384254078266,14.404952735882604,16.790240257620923,16.97953294053619,16.236843630222932
51,22.916121733357,18.35559226394439,16.083925186725136,16.808187794053637,18.1979696682839,20.182910253342445,21.98142762643831,22.996524311511216,21.456713349910835,16.273563803758456,13.118707633187624,11.259438784541176,13.000387541115359,16.144787175384618,18.64346409741836,20.833288442223868
52,18.74772617782492,20.65997213068402,21.615735987232654,21.026285924464148,19.464671990129855,16.133663403156916,15.04106277151346,18.23204076620272,19.261241530902975,18.554932548536758,16.389041932229098,13.206272491803333,12.634899468011527,13.368084149018873,14.948091731432063,17.451116384801804
53,16.000890771052735,19.99534713632716,21.335331517222322,16.919516311174185,14.602738560318965,16.554913994745636,18.3117386292068,19.816483578984652,20.136356999202086,19.350608716778744,17.413728654887073,14.472355915753935,13.24747518268477,12.674162280100685,12.960780966631033,13.877395599837172
54,13.027187792975592,13.165657704151949,14.323089486109092,18.43677157199986,20.867353665948823,18.186573058735707,17.163262880537342,19.008626927887263,18.12233259785496,14.19200344453129,11.54539656947742,9.571980604949992,9.111319775745931,9.253753912946411,10.450262421826801,12.682481019590282
55,29.492016686918408,30.004703845134525,28.06084813685003,20.405324507865245,13.30170612485649,11.15434119011856,15.312375913302242,30.097122834470188,31.13607259417108,15.29927597646521,11.706449697627063,12.1919737685654,15.676041605307805,20.020070576827273,22.147681546324282,22.44327456888454
56,23.861304661871657,24.567994713785595,23.93781225662378,20.665012610056788,16.972165034748254,13.632241671890164,13.494236035718254,17.69385218474135,20.897769144758154,22.484277653915676,18.943471974330702,10.060260465012805,11.661662082100381,17.582452552167084,17.344779711042374,13.252760931894361
57,51.24596242562801,39.37080523422802,31.332885632589836,30.629297610453687,27.106378474886508,13.249597365885826,9.800420963644722,21.81200075118867,35.697354990856375,50.715990336155826,46.39045554232627,20.979299566069002,15.61644465904671,14.708278888472003,18.211503392618237,24.552017371739232
58,23.15839486082693,24.89630174683729,25.046136495468403,22.309438573653377,19.1713837300295,16.17469667002359,15.504517299649663,17.401119115745725,17.4380458260079,16.254091146336368,15.381351765090821,14.579982772322417,13.080095321199135,11.029753356277126,12.841286504440806,20.603126864015266
59,19.885495929728126,16.956626156484216,16.0791268455065,20.026798594531243,22.098765351209646,16.970502644856257,15.322917564887378,18.673545240323786,20.666245741620987,21.4664320554465,18.909576106512862,13.277429367573065,9.776707123343522,7.7248046186263135,9.785724770628718,16.49291381112113
60,16.952470467710615,20.13537182803359,21.666073304556306,20.98352826237897,19.806731473314578,17.98894801990854,17.481351092890044,20.773018384452975,22.433983785816025,21.405448140667193,16.913587583731548,8.962666286579186,10.185175432704261,15.017662178865049,17.132147815283616,18.4442168692147
61,15.729755408738214,17.420572067888227,17.80208804600886,15.161997267901018,13.656762628480063,15.364757520496969,15.776136804730985,14.326994234458635,14.30259017775377,16.539078405187645,15.194874837871845,9.532567798116213,9.296569903748498,12.196025523089833,17.020389684795852,24.406644344176673
62,35.299307280063616,55.53348374757232,61.72957980069264,38.252732040934966,24.06882233815245,25.026223837658215,24.818236288031017,23.642030141078912,21.482525670766176,17.558874773606792,18.75894942118459,27.182054074927684,23.545756028404792,12.73389642290687,11.50654162334325,17.805359050830923
63,22.89342181086733,22.638247540242286,21.94674055623026,20.348942789349024,18.588879106098585,17.081110723146786,16.32068136742884,16.025289080907626,16.308066844803623,17.2833676838724,16.496754402919088,13.118393525102602,12.266524123837478,12.997288102827179,15.435358785388697,19.971329313269425
64,54.36954054596515,42.28933971856335,35.11878655761863,39.136264930765556,38.32044917941044,18.429290424487185,10.033838925979468,19.56080834366788,37.44448399869267,64.05297719460972,59.330465027260544,22.149483277440154,15.682590030850196,15.854641716100804,21.942166706652976,32.04494228584234
65,28.565710409664085,25.54706828361173,23.860371230071667,25.033632761046462,25.04861400857031,20.6892175061806,19.37026297125841,22.407065680170334,25.054810171057742,27.102802059062213,24.789776932385248,17.332955827619635,13.21095454330672,12.082949735294502,18.264817713277576,34.444142430380225
66,16.604664039691297,17.027850366615198,17.598858786731636,18.310387760197386,20.153994691762012,30.40270819577405,34.85025668309702,34.09414887772493,33.18659708920089,32.18689683404008,27.146537816490902,14.131762405583991,16.848287248574223,27.98757078152689,26.64318182780727,16.181434461629316
67,26.185422720003384,23.347726372524026,20.957120701863875,19.1662298834167,18.089657445445585,18.51484128487542,21.62398993530498,32.35054774166955,33.655253693426324,25.051585685959793,18.859922895340947,13.704664191574027,13.095178185097794,16.205153562192415,24.110311680413073,38.63022641234742
68,24.415948137565945,25.691637209118895,25.166250236850384,21.019548892284334,16.62647207660621,13.295010955463919,13.706896519278757,19.582963812072713,21.85666850692672,21.503836641308666,19.302147375332076,15.640941047151113,19.30039033515305,30.516984397134223,31.4591208894397,23.746500262913873
69,24.26257930055312,23.35539055388613,21.428275354657153,16.679335163372162,14.174231928393365,16.312378867483233,18.703055057461384,21.08396996697743,21.070548288333296,18.16517491933184,14.065456564609601,8.918477387003927,7.427058853234172,9.319289658313537,13.944543638810169,22.201050665435698
70,15.655059783082766,15.950310652693162,18.1676697710049,24.496112482825108,35.20164830260241,53.8476998290382,87.68416603876902,158.9783169001144,169.05454379393473,125.60917000188854,77.2694877643142,26.307849960058384,21.44818805976951,22.20197600935335,24.406262703810608,27.488123273413187
71,18.294175731428357,21.990480342910093,23.835325606749,22.870892517176358,20.379525807473815,15.374320983070863,13.63632340613018,16.16151332067008,16.894942677222147,16.747731491830933,16.705062283115975,16.6963653608785,15.99421863286684,14.365600234392147,14.532240470769196,16.612539392150957
72,24.23979452404493,24.848514361813866,25.641324066969943,26.910800476820196,27.485751322736043,22.218578116734115,20.16804621503473,24.004350762843718,26.152451975106498,26.658246089747955,23.312195940566824,16.451787285381965,16.02884582416102,17.873290445979066,20.678457135533925,24.591902633584958
73,23.71976203521323,25.365436929233958,25.764447736676807,23.147165996995344,21.814606783567882,24.83956876125506,26.189594234598996,25.972028512860614,25.873954359733695,25.907820892498833,24.409687174497826,19.597938858865763,18.72669224524884,19.83114697357054,22.38393869770265,26.569221773120645
74,25.500124181990167,33.825162258946726,38.340019615117484,37.912213851548785,35.782559569499604,31.496387986484592,29.80171054045501,32.95588966087607,32.22887966897001,28.045562869586334,23.21749096394927,18.13830157003503,20.35657805320949,28.237649535706396,29.53761768721621,26.384949784562476
75,17.576733909342302,22.575231479233167,25.098843174958958,24.47288537669343,23.808434848263968,23.18447142678969,23.404485692706753,26.673011005421536,27.11305702592091,24.271558078562663,20.210062688986948,15.299687789037197,16.373715275709117,20.91757447781692,22.85852471643315,23.9671768004338
76,19.76892410137405,24.115349727434857,25.183939720054834,19.92352098063223,15.104509779882685,12.250508654289716,12.456955956311251,16.201338851754567,16.08561720790167,11.261998611048105,11.106680165660086,13.02344442746908,12.746739411336119,11.718163718604647,13.956549545013964,20.27518945323696
77,24.42805407973341,22.807160617527142,21.313352907432222,19.920760409966217,19.14180985696276,19.108935787932843,19.81196162123831,21.85080445800415,21.636257304253085,17.63190506140059,14.425434613388045,11.919719564409998,13.183774667861716,16.079351119878808,18.658486844824008,21.4131393940515
78,32.024236683502096,28.49862343574048,26.85075516129807,29.070976262423113,29.766660036483305,25.687895610927146,24.169194379071055,25.804687103057983,26.225774332413902,25.680744273826217,23.41815249490841,19.493097208531537,20.053633283363833,22.348055422845952,24.366701915624358,26.61907207170541
79,21.68753601788333,21.961002103595675,21.935673923058747,21.155245143183468,19.24887666757707,13.383321102824661,11.310785698923306,15.835503856447925,17.67754632465798,17.943652687674998,16.86042845235807,15.12963225927545,13.125443971903623,11.075212267772855,12.437429465277011,19.04107306257845
80,23.865025097984024,23.211491954551573,22.40990806206277,21.231268775077076,20.856991706653872,27.72924755840769,30.991207403151783,30.523307354077044,30.10093263213378,29.743555584035256,26.553654600522414,17.716391535823874,18.274776541451114,21.788284871671216,21.553584021071998,19.472245578966145
81,27.848854480020883,23.392319018839014,20.870072124612207,20.712194278676098,21.280096038213838,22.42262683711387,23.91425175608107,25.817730283903863,28.254759310162793,31.309261424132373,30.197560885660526,23.248989313949817,22.128378561474086,22.087545914391477,22.786998817285877,23.920015629153927
82,20.441620968208948,19.46997699350524,18.490876577865645,17.569466372848545,16.473210002798744,14.812890434797586,15.11178258878116,25.775774517546346,28.254673841916127,24.061228518576804,23.270947770320358,23.558331316940496,21.523243461021274,18.26524977186105,19.6816940596729,27.06171327772757
83,20.635222763572987,25.1387599743646,27.081351287817622,24.724646801243594,23.1743841985488,22.936798104402463,22.99451709704924,23.230954775072668,23.509072947315904,23.79084899997897,23.087128651153257,20.180152135685375,18.382562799313284,17.42803314146893,18.942151762561412,23.60656437348819
84,25.664134096680396,21.14929378865681,19.708041407779888,25.150668959800193,28.148080664699453,23.572936238317588,22.51240790853414,26.00724385607422,28.446200188304577,29.666445378757363,26.19394906864202,17.841766497031212,18.528777903450585,21.750582797354657,24.634322962570113,27.865169154251365
85,22.326891214849304,28.439132627707245,30.791061920000892,26.116168889110238,23.159431105302765,23.089571697436604,23.64232816343149,24.786399685218203,24.715782457785583,22.64379225225063,21.53001089785508,21.470346221455753,23.729607097202557,27.843530397162567,28.087335857356237,24.423051034843194
86,24.144881834328764,22.442848248299107,22.149756908294723,25.21169100458398,26.84107729556756,25.458615403411322,23.99281105928113,22.631707853931655,23.236565948230975,27.7754887455035,27.11326003232831,22.3954462101795,22.592771522734797,23.660420332100983,23.747548905378437,23.452770234509405
87,37.00613865403032,34.44611271375805,30.713487324182424,24.313082985049622,19.852882376635037,19.89621992727014,22.81360206113033,29.17399767768448,28.88434274428124,17.81864827605419,14.305549045464518,13.857760243250981,16.418147098206344,20.02320970475454,23.528983065465212,27.17030885565506
88,29.450880338566492,29.6470494085985,29.1336083055195,26.564409917453663,25.157778519037358,28.41282614644549,30.132115666269737,29.864704695491678,28.685518590203777,26.89747829669197,24.995534184434923,22.94804165964549,21.10734644358813,20.11637412349772,23.53384614655013,33.994355482532086
89,31.60806291314657,27.92251287712445,25.571960570953824,25.03474632726767,24.26653581385149,22.87828729795097,21.79246859166298,21.435357155755437,22.21620121576859,24.946902886230838,23.692531991302676,17.09019091295087,19.799103256517512,28.064388479942792,28.81659519146411,23.70273351757835
90,24.04012418866776,24.86148509129493,24.604955984907647,21.98915165990766,19.6827932764954,18.821993470787252,19.60515359607377,22.71044094035156,22.689259933454057,18.492094918451514,16.547972699966113,15.842041366122128,17.505607240257646,20.178877210553438,22.372703292144504,24.29415402713967
91,34.0773310922974,25.24143292758005,23.501439709271853,38.3803115119681,47.04931405650093,35.353980413004464,33.35104244396984,49.248261832100646,48.41275564326263,27.705731712666772,21.06761306823926,18.41679621656572,13.658402245036886,7.811449971805001,25.77424454331475,86.34660280415686
92,20.253346586944268,27.423129438521094,29.718807531054054,22.88035309236971,16.96180499097591,13.793438709628846,13.627978564537761,15.986477390912885,15.804146518365231,13.890332993518909,11.398580609244332,8.528656174103007,9.920382287232377,15.181760096214097,16.982692761880948,16.94502077468632
93,32.82500820142313,32.229771262859714,31.52128307686706,30.79722252741811,29.027136849373797,18.25305035287039,13.124972819692179,14.950134526591121,18.603100385310686,23.954934179321025,20.166142779355795,1.5997382531966338,6.202598186308954,20.970701321416698,25.16135399750708,23.95208900674108
94,23.489856611365166,20.250962393654184,17.86296507029298,16.65596117271264,17.289158035510287,21.67756986869457,22.943494932496016,19.949970005123966,16.938564269979217,13.917678957185068,14.16826022210523,16.20247466437786,17.35594182871139,18.294280435309023,18.41980447059855,17.883378518565763
95,12.99653896530658,12.893314188510216,13.193170685072966,14.803684425077723,15.675091100897587,11.767113836217597,10.210680465380475,12.663832518614505,13.209244544086085,12.466734518348288,10.660062268879871,8.110112957664267,7.996566437935926,9.24772663766807,11.01246009474932,13.511873918549359
96,18.377356354346976,17.503701079635277,16.323916337919737,14.498375090218945,13.031815610706248,12.60710072911748,13.381453780210444,15.502593545436179,16.948774974691293,16.865940098237957,13.463252120768274,6.241183425840681,6.8729568581547955,9.886675416500044,11.97455116519397,13.886309162654731
97,17.347015208712286,14.900524516680312,13.906664140822297,15.702044088744545,16.66689327921255,15.600028915214017,15.339487429383599,17.229672914592896,16.373595689225837,9.615382178639784,9.033084777551611,10.9282238094486,11.4549933277269,11.900128233231134,12.88563843660559,14.327062480069927
98,20.605800525801932,21.704472542234676,22.41926006555109,22.422894963545122,21.595042704297956,18.6702680699879,17.717316405581844,21.212259041119644,21.86173954220775,20.15716504036711,17.341652424335084,13.73924994239578,15.097256264565685,20.25204596020804,21.3161905376648,19.83343420621162
99,22.193334685470763,24.793072235686452,27.036927838901338,28.73483648273163,28.3370546634467,22.12164777630071,19.775646208724112,22.437855564146968,23.813227587892086,24.542836379316192,24.115384390315878,22.94000656924635,20.865251712246128,18.09389501789707,17.788761810032742,20.42856485208631
100,20.07503879388883,18.971194616429276,22.069899453906103,37.04317819094975,45.80908015046941,28.806175989512298,23.404468367227626,37.65800156303691,39.10328169184779,29.884861284539298,33.59747325399068,47.22742649743216,38.47033256160157,14.269641214871044,10.66505783509606,23.244489097971524
101,26.17846870071933,21.356340560170253,18.57027135553336,18.806917731806532,18.384529499083335,16.283185787350213,15.70859297823188,18.05305261415315,18.95239160111831,18.141697149243896,15.329636013859067,10.70817012706598,11.305033949869735,13.921236708511396,14.557483819862787,14.396252827841277
102,19.287721079893544,21.963564272145614,23.27139221267076,22.089138993187735,21.791385596790974,23.636908367278192,24.704574108439516,24.56642899582151,23.24590644190169,20.85264840859705,18.198430683798872,15.606241635465935,16.738239959398705,20.161671682131093,23.138330654713652,26.36896707788614
103,27.29388802754898,28.233835061740667,28.07651509253121,25.9098793419331,23.28045752070427,20.7120289218126,20.81764925099454,26.966849218806694,29.91632176539457,30.072887502610723,27.27137553234665,22.70151683157672,23.486750957863652,26.28610303724298,27.490066218278038,28.20133742430847
104,27.140566651222723,27.70847628929019,28.361402095378324,29.235426075328846,29.463993342786257,26.044291606809583,22.655256287720675,20.35273546414686,21.262124364238225,25.549334356182243,26.68747494455986,26.214772852587675,24.411509124372948,21.47836658909013,26.507137719665725,44.2956200217712
105,16.745662550422402,15.557651432271657,15.350042659540836,16.93674745431863,19.6930864247545,24.642159416811765,26.255388563441077,23.66751403977304,21.49570334514285,19.619170641592923,17.700294439848264,15.672434939442386,14.4250253176969,14.913966110434476,20.299166234992814,33.87088652859522
106,16.918445605169296,18.406015577135054,20.211822688128755,22.73753491959112,24.15516485534272,17.23504776155874,15.200417309132588,26.36375857460653,29.78625650463986,27.3108277998794,21.791635949440735,14.44886071652877,12.886072914512239,14.66393676155471,18.762035081697878,25.475967299924253
107,26.340260179541673,23.759938826023934,22.656293391931328,24.946501869110822,25.894458479462813,21.51629506714529,19.86548452410065,23.022963574599515,22.663982523608333,18.81245357087655,19.231931589002507,22.37094307047718,21.019050373164994,18.13091169961206,16.863908443289787,16.388463762517386
108,29.940126549145795,26.90425839503155,23.466485797398292,18.898680414124474,16.90414944146768,23.50263389457899,26.72182631525732,25.692131782180766,23.67699503816163,20.98862844559133,16.434302222775788,10.215811443647677,10.861762016563727,14.264337999875693,16.7496942987399,19.214290434369907
109,16.752116505463,19.056733036989034,21.748833256503595,25.51831070766585,27.27529332380608,23.12673724352051,20.535748283668642,19.882811232745997,20.093022642729096,20.812162546596348,20.2778430987008,18.452032262446817,18.0939582949428,18.28344607650522,18.960133997047702,20.096656452304114
110,17.26751656676873,15.760158346265976,14.49787467883745,13.803675767815925,12.798778708167255,10.33339975789208,9.849348598619994,15.81536908468629,17.970956612742082,17.19064879270362,14.919706170281252,11.756210524614083,9.267675904918152,7.840883441555284,10.284573857296396,18.075543334190677
111,21.518417161412966,25.66318041811748,26.54321800039005,19.924999365090883,16.279473777555378,18.065989191427587,20.09578777832687,22.396945980442077,22.379703959887014,20.14190375267996,17.592374378944992,14.80877063396493,13.966610527892335,14.739038681939313,16.799874696339387,20.45854101879552
112,19.06191648526151,18.53263688819823,25.483028909248166,54.05538150448523,71.0345956738615,33.51820028892128,21.80439155942432,61.36851088584847,63.862319074988214,37.08717101622173,21.9090013686544,10.566387227162794,9.255527934537572,12.968774645150855,25.087858863466405,47.109173121635465
113,22.520586176793408,22.4070805158051,22.32594224287534,22.412686662508445,22.692527263548318,24.33695130794753,28.49476071551405,40.39793350506833,41.7662996700919,31.924574800229998,23.137085616189154,14.975599601574238,14.847923226446367,15.787049307038986,16.723752778276456,17.82573619043278
114,64.97635242421035,50.146809142673504,38.76192999499129,31.80510047614308,27.575487538763813,26.928069799659752,34.81209713299742,68.14134256507427,69.19988949655644,22.267040673439062,13.342069509393875,16.415566317653365,24.291325396512818,33.54333536388197,39.02662209729259,41.61963499787827
115,25.024701781783033,24.668950738884416,24.35935925835196,24.408842147160104,24.088632226168176,20.698769749457373,18.671198676253933,18.388768588421854,18.963557893034654,20.328768983054236,19.12948525318439,14.015659711163979,15.60470432125292,20.61109499616189,21.75672296802783,20.587689342078825
116,21.766539891282747,24.002708992892305,25.81758715080478,26.913533904819804,26.409512927222995,21.40633155937551,19.854489002913457,27.912409871421993,28.14400048239519,19.24095273548398,14.911452251044214,12.530838908918277,14.764111317136274,18.560845431834977,18.271057994166956,13.95129221331823
117,19.822625099397268,24.24819364389831,26.400817023419087,25.363209683198196,24.53965301091987,24.50616140392205,23.550446812506195,20.341458425164817,19.17930691424838,19.18347519140808,18.714535071572392,17.92966132150043,16.270943389742037,13.662386448090256,15.66609716886924,24.427822353789747
118,22.6454192824443,24.466175330662832,24.35675536776914,19.981018591821577,16.59460647560068,15.527461865944959,16.064569208166077,17.774986775349596,19.300870374562244,20.533213033755207,19.47787049480505,16.171055528470642,16.589848054825723,18.164983967785584,18.331061270508883,17.812006519686797
119,13.783415318955628,17.250569998696587,19.875548875895305,21.493426813507966,21.368450894564816,18.17254496224195,17.252073656331035,19.666441306115583,21.07008729774742,21.87572841744701,21.7625149157946,20.76672120251805,18.019101772584857,13.44066567313915,14.45523562371434,22.291816244781455
120,23.58355875395252,24.570789672497074,24.714253238160957,22.87209385259202,21.80180168936045,22.69843486902548,23.175092410158758,22.6717914796118,20.427074488627376,14.74024423500198,13.764614422059678,14.288992740439172,15.08278194502007,16.17491377499574,18.573928419876093,22.942817286194973
121,19.206061863397505,5.354475485805351,20.874798746893273,115.64400490453689,172.0233826526624,94.77046731640944,77.33774406330282,156.08025669538955,164.42512627969418,125.72698286873643,100.02600763230035,78.79793616660277,88.90280938418532,113.73488011557735,101.50145655360505,51.95246393929357
122,14.543532738826295,15.448799156776749,15.560290850030395,14.178071811178622,12.696863742044995,11.55910073810064,11.711667679238293,14.140974512675113,14.459818191318165,12.94271496553059,12.02632458028859,11.374455024207467,11.796304057451783,13.191063186126215,15.435152385911406,19.007898482681714
123,14.946114112283563,15.556574593097764,16.081825292482765,16.462436517582468,16.831759664137834,16.94096578475183,18.484025683282752,28.549456482749633,31.19669127938754,27.315107736688567,20.966301918320543,13.224763623862751,12.56997366156112,12.639814776946622,12.408176532479255,12.075622020141216
124,18.530763244218043,19.26462773480152,20.085800049845442,21.121024400857017,21.505084701234026,18.697699818801155,17.58793627543118,19.053218324753576,21.20835003729866,24.055025789931378,23.125791825288434,16.765352565512014,14.398902539119435,14.596622354032803,18.928749393853067,28.412556125059155
125,19.42057493902883,19.518226263038105,19.46499004105116,19.03152444908476,18.006014102571182,14.828234043601856,13.707730704434969,17.09594661241705,17.886644878814717,16.527521533862938,13.914701087303643,10.351855032413384,9.758246723593205,12.0759928816527,16.40007522203739,23.66250049577677
126,26.756501541586204,25.225318611838617,24.247421348211514,24.225255171077944,23.91319363887865,22.698783863663543,22.193620592756943,24.196305834616346,23.7947380603533,19.45229054897974,17.398316611062903,16.295631224353535,16.416216830121066,16.858948860122787,17.70676974550876,18.94786108271947
127,16.216610564510013,18.568183137439785,19.2579882385872,16.079442093005976,14.542896874552948,16.429138946633934,18.918141268357534,21.96608744693017,21.919481949093942,16.15482628590729,14.329124743682698,13.767314083765577,14.018543355225193,14.718349442161154,16.87149060824729,21.23388676863817
128,17.99267277320074,19.279444109065242,19.627921623846568,18.119939042180544,16.85571987659044,16.370877906399137,16.538741582365954,17.745740290496236,17.365670585348475,13.817000673792219,12.629449578749433,12.686434968324498,14.087589013108477,16.03828455938622,16.284045685355807,14.73378938382821
129,31.805880612717043,29.527472915474366,28.21722965870926,29.80780837137432,30.084828365753197,22.002372813600708,19.245012952216918,25.74453171926283,28.995415098488866,30.209535719276865,28.36840972855666,24.837518321483252,23.357406536576207,24.148709555721965,28.93409395189813,39.559339349862874
130,22.079958990572443,25.3805879429789,27.327706777136083,27.245527875991034,25.49313672354964,20.896434297032194,18.824436977348647,18.55483312389716,18.22136649137043,17.79175808500012,16.199008810329193,12.687824456836147,13.533392607664629,16.570990827677395,19.514137011857752,22.96593414501238
131,18.39003008942845,18.765107297920316,18.381408250668716,16.35069584088507,14.331783145701579,13.463067027323179,14.472779231740194,19.245680597545757,19.25742645255245,12.41732243541674,10.24394703669595,10.100041555279095,12.189571382109127,15.012054719900767,16.642719772628762,17.53921396770853
132,24.919705362526493,22.167214285749733,20.479134558591102,20.372185620976232,19.933090350093646,18.579083412924714,18.114300800561935,19.86767481212898,19.698085581284506,17.330582184488954,15.55580621457344,13.989208673827731,12.399515899480251,11.014716391725926,12.272589657383454,17.337530891135042
133,22.097895386764485,21.01559434143802,20.164379408690806,20.45092990036933,19.948474136039717,12.44071220931188,9.97364021297006,19.241938221809434,21.318106167585515,19.018731891484933,17.75634138265009,16.71284498522486,16.532605246490853,16.881468722139527,18.203503522099062,20.776132151351284
134,29.119610454616424,22.421898869688807,19.0840625663206,20.229224552405658,21.21441523931417,21.86888878359338,21.584261734334298,19.605248536995855,18.935118617550902,19.73176082178164,18.76621311935374,16.490751829481145,17.38619674416548,19.991306193930438,21.198122765746557,21.852989280441857
135,30.875900150070738,25.912874235051454,22.008353955662454,19.25712319110571,18.400623995540307,19.898715731334978,19.754660281749096,17.111133256939485,16.173288506007754,16.399919019631962,15.646374511694528,14.268888179454475,15.409696891738733,18.83046310558684,21.91471745373259,25.34618019209469
136,19.15996050960404,19.599238867264518,20.131972842317104,20.851828685855853,21.324956623075256,19.309972403041492,18.84733196942105,24.272498002174665,24.655676348332538,19.436208388721823,16.049345808766187,13.433245137212502,12.732482811767673,13.13130627236572,15.574755274594342,20.425181718454642
137,23.22359082458338,21.750331531306273,20.43727959242293,19.31398993117795,19.38398789572515,22.259150678411956,24.57071733319642,25.15106851965304,22.901907343495562,16.819305286941546,16.869909042458332,20.40635852555387,21.810913065042232,22.761224823622268,22.520382265981414,21.418293068407657
138,22.890474994142966,25.23699162714247,26.946986802665158,27.518565292382966,26.40310174613957,20.777909715661377,19.204937772711077,27.71788317468019,29.376374538155666,26.300220727182584,23.883168694001064,21.56945960302453,20.676020270474726,20.53022245932477,21.701072504436986,24.21895084523989
139,18.09896313259971,27.922868049124915,32.11758519360039,27.968977492836697,23.35294807461909,18.89327669455038,18.684437033494348,28.04535813468116,28.99268883104844,21.121621416295977,18.097486560941295,17.141536628755205,20.15311354618938,24.66474451943374,27.34570313832519,28.974659406628593
140,26.261543140633638,31.078037244976798,32.37769366955712,26.03011709335253,22.300354531300087,22.716728399097413,23.163320244436814,23.516819787233608,26.156586870411264,36.567790082357625,36.05163595012517,27.918188897456854,21.900854958502176,16.725799070908348,18.104267990340166,27.095981573960156
141,29.50192687525684,24.838685340072185,23.49441286800488,29.44297339868049,33.30966916961119,28.66639182080067,28.729832978569938,39.11497890888613,40.110100619593716,33.27296129177537,26.08876310105398,18.727369237724197,18.321032861962316,19.387614937076457,20.832370316198112,22.722041904892077
142,22.950442392856072,22.320683251285708,22.099985483008513,22.850866488096784,23.208757262503426,22.340005333413593,20.99007510854886,19.140212304916282,18.30772378128379,19.822265465065566,17.621151273872652,11.448032254388547,12.2587200317715,15.386442103268699,18.124087304216083,21.136397379171544
143,27.842098313020593,24.831756681784167,23.67943483626581,26.12969206359363,27.496940752283397,27.06733295520272,26.647687582223327,26.24544996129452,26.015154914076295,26.448116268430994,24.39224200499368,17.463734270470418,16.645335275284175,19.54988107789897,24.892109108166178,33.39705240187959
144,20.588524416220135,22.829961602948483,23.571428058845324,21.729864855280507,19.79688922995386,18.146148398959227,17.76699300706767,18.297167350922255,18.64356691199035,18.815446155369496,18.040941345810698,15.846001883053464,15.511678275429885,17.08424881791796,20.46993387214397,26.637962254159593
145,40.797683572166626,29.238373302820833,22.581241865064744,22.84425692144823,21.993913259627945,17.917428508703797,17.367161068702202,29.366236984979345,30.17352872480892,17.155794418267597,12.797025546165576,11.439579073639475,13.886097457691378,17.352331481184436,19.88543048620767,21.829376898222154
146,18.231775935379567,16.345565050423836,15.828833176004531,18.56746631098019,20.033902457654587,16.3727868366832,15.348092326259989,18.08912764851642,20.70294230994305,22.992424610359052,20.718767867444296,13.048518154074113,13.314375023777975,15.346037128687726,17.163122629539377,19.195772481913554
147,21.772620810203097,20.866774475053923,23.200238720407455,34.61887077906401,41.355309548196644,29.173032985169485,25.72493775544314,36.74898133327298,39.1153829727572,36.39077651394382,31.460262040161986,25.203312178352597,26.542578414332848,33.1132428307274,30.815072528370894,21.1376075049847
148,10.49578168466969,7.434989357207263,14.896748308198756,52.062813292510846,73.66899364024873,31.42352269534448,17.187001089955658,50.43095088794352,49.431566572798815,20.670687362822882,13.16824221931527,10.587706044847774,8.969433085685248,7.746096889433863,11.996941877602623,24.311113208966823
149,14.898186467287521,16.4380169061078,18.01257156511074,19.561229883877797,21.25302688594092,23.12156290262087,25.73855758713996,30.162419525504333,29.981915260961234,20.732269686766998,17.680330006343453,16.930313720409593,18.49353425722936,20.610738413945317,21.596837193145504,21.77716527041871
150,22.28435330343455,24.148946967951257,24.431141904174353,21.669640272518556,18.926200634626802,17.003014694670217,17.07067125629605,19.915583693355927,19.854631930995584,16.843520199849358,13.603196491318972,10.407014743519154,12.058420163839351,17.150644729662933,22.146662256219447,28.042359620520763
151,29.035570887396585,26.546881733115438,23.583148305695634,19.25515003225754,17.274539342680352,20.989434853931634,25.103927725306175,28.80617571701661,28.675620631233617,25.075739644758222,23.29683283233522,22.308323018716802,23.46669529509796,25.39597658110751,26.619832730305998,27.47452953484689
152,17.841604812819696,16.345694782228612,14.892500033099205,13.45412156840504,12.402036447240919,11.636007927098424,11.376265797158544,11.331422828303943,11.345793077476827,11.440258840048847,10.84178182662447,8.56982412781263,8.701859649536793,11.465620642847746,15.999596891193816,23.52729979234768
153,25.537679348929963,26.438988832518685,26.21979673731664,23.377703627422925,21.28499348160124,22.114905854042572,21.49191645875155,18.025496088574442,17.519863202176833,19.53692040653221,20.090002301603167,20.28766027467856,20.606656278271302,21.09665944480491,23.497308596146024,29.335321177633286
154,21.63157819546457,26.624033595223313,29.264633760753014,28.409499730860922,25.54408474984854,19.36262118194003,17.273245050120686,21.435494640070907,22.450602971941173,21.72038099952298,20.467622172078833,18.894232730338107,20.132835235338423,24.257553105642558,25.39296355555341,24.592355179543404
155,24.33234195163655,21.40293651673921,19.235422941306904,18.16776325892537,16.89407428269707,14.751558139604423,14.264141833230843,17.77267643006312,21.384194273295904,24.587151015100847,22.770951674460466,15.484048922092166,12.906389216402296,12.804669963076124,16.417307060041622,24.105940103631916
156,17.130967788252793,16.91208785016708,17.107112485201153,18.51127607352464,19.92509885407328,14.27848847537122,17.973614488526156,77.53375152425872,85.8836071687685,36.9440163709485,20.52693431027282,13.372701928663446,15.10425461323598,17.732771690385647,17.45352327049674,15.549878365887274
157,17.18900412966061,13.83435518137678,12.02601719572137,13.936518976139302,20.003423813203483,39.20119749373697,45.230857932859514,23.684066652303308,16.106594978335938,15.28418613345954,13.97484658597112,12.292313818314124,26.60735272556975,67.02146831640931,62.736556927446635,12.678248775322281
158,25.771998676708705,23.363258930217167,21.310088984199673,19.803355193583858,19.796320392159252,24.21968781126179,25.224643720031185,16.680322546008448,14.905557455633623,18.675884775091653,18.34351931075947,16.43814872107656,18.167830938378785,21.415590122718324,23.452432034629375,24.88510875425343
159,24.404832276467793,24.474247454747015,23.555881169607858,20.57939364347817,17.251678039522915,14.37104985700195,14.242524308868354,18.46330130923321,18.99907025203704,16.582681544159403,14.821147910151765,13.32839843614577,13.752908972570488,14.935388202185468,16.365631744786718,18.193547345217926
160,23.371648735114626,24.77559043864191,25.10017568432072,23.483581615997874,20.730363705128564,16.002663456810875,14.340427327916133,19.221099095367755,19.648038960445778,16.29839738891317,15.714742474091068,15.800203495279037,15.464691097482694,14.978333943640559,16.030571500770286,19.614233246113557
161,35.726709358386515,26.616583208229635,21.94564073211935,26.50468560712781,27.651028347682015,15.996228287801227,12.822675502667172,29.68704539379422,31.20495385084335,17.698275652179383,14.958746964354367,14.63297913180504,13.898918629281614,13.035206215626113,15.02044130540392,21.968593111228955
162,100.49570716365005,97.01988937658628,84.56528705448966,47.855855803980326,21.197254717062492,14.397304706503483,10.768673052656805,7.507339933258157,12.994212401937672,34.76612319661079,34.11195279623271,15.55865194995561,6.846079371971503,15.738184161042657,124.58824368142895,418.04069059468077
163,16.151476540841834,15.287579546928212,14.011230456234937,11.64879399731623,10.606508307487566,21.258651172287177,25.392027325131203,18.15887386755952,14.808930892142213,13.395277463376747,12.875950296063127,12.515343594228113,12.777545572712196,13.506287945798304,15.00783745402415,17.694184693966932
164,18.528849805202476,16.47607523880169,14.92595336992024,13.9557619697707,13.6333631588407,14.157631156258264,14.040433127034369,12.504104690614863,12.458083395674437,14.838924764100685,14.27966087444996,11.275220143028402,10.940208435833958,11.75024386350193,13.492661112569616,16.261888449784987
165,20.404472506745236,10.339023705873092,11.041409213598481,35.33157458456017,88.27236694682878,204.85138367964888,300.6020971931027,353.2295174717125,312.5169047290229,191.46563379482956,98.28082570625988,22.69963188333267,17.644145172631585,17.96263495621657,18.593455806102895,19.420491212361597
166,21.452782552085417,22.68593765027011,23.96130920213671,25.45763259678793,26.01219959595681,24.39368405403337,23.656473763931388,24.33637351032625,24.356610713959537,23.127535898906203,19.6912145691951,12.432609135701794,9.873187087011697,14.593760474805588,31.14810524177896,67.34017278661163
167,23.545197504815693,22.540643351374822,20.583147608965398,16.15206627223941,13.749424636561914,16.12809949464924,17.76214379984401,18.45601836964079,18.536795986072697,18.187966322760584,16.963398499896407,14.696354594814071,12.541268604559736,10.736545494458758,12.34088713141484,18.926173593567935
168,22.61158465240937,20.35733647190716,18.09770699125246,15.762965809602939,15.363829454408354,22.3754245834651,24.850050620457605,18.605149751911615,17.238758677778474,18.615968877215938,19.082326845167717,19.30810617751189,18.805271317611535,17.880691905636862,18.5608387039851,21.374158473361064
169,22.349328566497746,26.486898645220112,27.439737781661307,21.3436551578098,17.739680190424714,18.361449900353932,18.578754989921872,18.455170370234697,18.331805937306925,18.216204406411677,18.760864024634078,20.687051576524325,20.20586277763792,18.441495789878765,18.488859167598708,19.853804465206853
170,21.106305250112992,18.95792763769182,18.927025354942792,24.38662831403518,27.45856017224025,19.044388905597057,16.30227484245531,25.791210514263327,26.330305183561826,18.69276381526926,17.962657650544784,19.156827065878524,18.97841780169441,18.563180482953058,17.966229686509315,17.191175097344274
171,18.36261716822385,17.43416095564707,17.165779596001002,18.294179982056892,19.150529321339455,18.404324079618362,18.510448331190005,21.68973216473989,21.281119384870813,14.82619245252734,11.287639141360353,8.978414735108357,7.597603593055647,7.1007758629419335,10.58423928152467,19.823007892909203
172,10.261146085822563,12.155905249822416,13.248742721260957,12.961440821080183,11.5051965412633,7.506410150402039,6.341628631160355,12.81972925976238,13.674192321013866,9.264808746660385,7.219008245290676,6.063716673841754,7.413719014600577,9.616675927025494,10.621395667102695,10.878979493909831
173,28.630884546664635,30.26206578759102,30.85397319057477,29.011805883424902,28.25530522555699,30.316456675281678,33.26018775365062,37.21621046441633,36.59665689834936,25.275297666405947,20.36467556902748,18.022252243741814,18.35361095637591,19.258571428080575,20.79722426915881,22.93024733626166
174,21.053317007371266,19.459568177425457,17.947402725505174,16.638299252053073,15.865773014157618,17.77677688441638,23.729534756651855,41.161448185038,50.17812332725015,48.90044218889229,35.95856564418107,14.548433647652786,16.449943902729462,25.407430967750383,28.89286288847435,30.81200946156715
175,26.042733084241878,23.593411731483783,22.110986028030798,23.04401807085422,22.891904777937036,17.63266916389538,15.920910116684043,20.31189133095255,22.230665829288075,22.481767104323207,20.60407274697567,17.510919153771074,17.524288661357307,18.12060730906051,18.3970714646996,18.607410749652
176,38.727715706079536,33.285647480457044,29.613009229912116,28.545437492788547,26.94938833511573,23.604850578157983,22.453593665723545,24.64312653770945,25.642072063555293,25.167690826525792,21.770184863673908,14.982402069302248,16.436204239816867,21.732187286726536,23.28248005331169,23.146123687165286
177,24.3303852303523,21.334451452169972,21.020023110813398,27.609984177498063,31.05568688236084,21.174647766869665,17.14657932167672,21.749175870300622,21.466580731778244,18.026121118977173,15.2644023818224,12.90255107165619,14.280527679712758,17.42201528820026,18.380998312437864,18.018976027774404
178,21.392999655662436,18.27906190926491,16.6397151519342,17.0051415478984,17.123700365624444,16.43234202924638,16.578397504086485,20.502862998146455,26.497851996794186,34.91225202905116,34.55810155351503,27.486789038871173,21.506505607200545,15.789706874407756,14.495426012635116,18.06837965652153
179,25.295720512784612,25.522997103851953,25.71003074459086,25.774271005108883,25.71698938257771,24.823812737536898,25.308699955598318,33.87587069361509,35.17822444287558,28.913884672981744,20.223344782870438,10.084915112148746,10.462883585167233,13.99255404228112,17.447073940541873,21.570702895679347
180,13.545201729167298,15.200557434955817,16.80519565071425,17.84247237109547,19.738114078856032,24.61868389473478,29.446677748370945,33.671575964842155,32.81910080491022,27.913484907255203,21.990123392568115,15.423226937136585,14.142376676249427,15.490517941112994,18.227561933776386,22.4636252830582
181,14.67458255657804,17.700309934563,18.81290005837496,16.828689588998994,14.614287041767334,12.601484389527212,12.669892255557077,17.226313359166667,17.94129359314726,14.88965394324801,15.049490887172725,16.406063711142647,16.666204518038306,16.808385742389753,17.441622968196917,18.452362231774536
182,33.132648733342734,36.07673356018586,35.546506512031115,26.56188742880818,20.813908528306083,24.495487638940205,24.11313370863774,17.38942849874981,16.19089496499946,19.552296770480048,18.347195700334453,14.66777497220854,12.619245830875094,14.176558118546303,32.82387462498083,82.5536971353435
183,21.093301708159085,20.927289853334514,20.09443776058636,17.362083713642736,15.687000725829556,16.0105290457447,15.937707634015052,15.458155381333375,14.968039486644795,14.514175276192592,13.27762360141997,10.863850172738973,10.888850987477628,13.975027338959059,19.167520800714446,27.946739952866302
184,23.092095848518873,17.25060420339971,14.509175505042586,15.79976042807461,17.55034842049382,19.633798952465394,21.54802222053207,23.157199549487743,23.382106899955872,22.390146100614515,20.20326159439869,16.950485600080043,15.937923016313997,16.453481897658524,18.422918597661802,22.063421161370183
185,20.737305656506486,22.412771644502964,22.152540122756754,17.104056413357487,14.042505489421648,15.369768008879152,18.112498659240135,22.38727239683574,22.944505227879976,20.42044375648362,17.445214448297655,14.234027850394181,14.67433895225667,16.82543081267026,18.40651625104023,19.982122660553326
186,18.957195534308095,20.65633344291944,21.338658126319334,20.509062592348606,19.250004592418115,17.40326348328898,17.146286944429534,23.399859706646453,24.50147882345543,21.504514526774372,17.68602353877327,13.34103630666027,14.74323656410683,20.802700249855533,21.494347141541233,18.63379882032285
187,23.381492037984433,23.77999651256043,24.24747615929063,24.84365250470775,24.974042427620528,19.647668091302513,17.99287993109718,27.846123493069413,29.21269640257079,22.222800081308485,21.555999325303787,22.643906556020553,22.813276540891522,22.832585324501814,22.51882151040939,21.963364052345156
188,19.231150552320457,20.62568590846342,20.582959252910893,17.799353008410097,14.72560602230968,12.33238579614633,12.80072897112586,18.98306081140209,19.86998142493753,16.055350808837353,14.197145153791078,12.989568429006269,13.391247992084141,14.85042738120978,17.751537499851096,22.71539985034777
189,24.444283456689643,21.994522925376565,19.74145548151369,17.63856255210356,17.377630380638116,21.80622652693435,23.451815447636267,21.658054525073897,20.483882468493125,19.66352504974959,18.271518399242318,16.384601499221844,15.286479845618569,15.492754183021475,18.195334989642973,24.679262333241546
190,22.231540793355197,23.068286435292908,23.75277702001112,23.970087841148374,23.045155212003475,17.094917943198446,14.782311299396184,17.821844690941766,19.38616010879207,19.946421316178604,18.32711095126073,15.071699318983892,12.54198029606111,10.90618660107775,13.247716241554496,21.106294448568832
191,19.258707878443573,21.430004714028563,22.06527071034788,20.04782530357051,17.7041626274408,15.479462412675687,15.497826131363714,19.801914734588266,22.217727087066535,22.544027687904276,19.879182842911167,14.891888540280489,12.96888137563991,13.568729746726191,17.69948450596832,26.34417058373157
192,25.044526578757846,22.09660079873356,20.476117235095842,20.632401085374525,20.57246199083321,20.102246601240864,19.152324723709665,16.667659663553724,16.746922720618418,22.25190736204592,21.512696911402745,16.21570927352218,14.818535233287054,14.556655645585684,15.974020512261472,18.76780633180829
193,25.166182283351162,22.971710509732567,20.940289832222277,18.954885448368756,18.6043541269833,21.624045294013392,23.915018711223944,24.50851943495059,22.51393533613725,17.518334643966778,16.544224266774805,16.989679285026227,17.978664359232322,19.32950540117269,21.371842468342304,24.304502913467022
194,29.177125212765027,28.27294305921829,28.28949626913067,31.256365213479068,32.707978255365276,24.680389716280153,21.33878894667186,23.197584473970128,25.380767242163138,27.875329774391613,26.383445574513622,18.537340648011924,15.907568487774995,16.487258844884,21.507964703025163,31.88630124030801
195,17.770371802734985,21.133609194395007,23.409324988249672,24.35148092932217,24.342740715557944,22.728338591714937,22.457029288395766,27.84432370329384,27.39584370287093,17.32382319491842,14.860076676303903,14.850269259731075,13.020688965965945,10.501728630270314,13.35193301487079,24.469950679367308
196,35.086097150169934,25.264293607896818,23.26836992476296,39.928001611470414,49.216711152767544,33.465416515003724,28.688779220092368,42.423155980015494,40.22083969216248,21.712526897563432,14.995943876568127,13.201699940221985,18.335952974829073,25.668623530784238,27.158628645789147,23.155597603427697
197,28.42130692668652,29.478389008086467,28.09367801979778,20.238970403931887,15.507310503965588,18.586468398271663,18.789752381877378,15.533482109603868,13.562121094596195,12.252409431571618,11.379860669003506,10.575545972688765,10.346046515977408,11.71670182493353,23.43132415761304,54.875159150293726
198,23.625471452692626,24.624391142222144,24.31123493607897,20.842732676719088,18.555817334266806,18.35189074329863,18.660358142528686,19.271737326043795,19.828256639483314,20.13238867425426,19.156732524524145,16.16432618118962,15.694892127403314,17.680433226330635,22.00050244698491,29.84710562693055
199,15.562887754210838,20.6374207984359,22.351128403091447,17.559587351959127,13.831191868708707,13.154485880295587,15.227407411029388,20.989263530475228,22.074674505109588,19.76441102286928,16.66529155086997,12.95823971603596,10.707343246456626,10.486259779159765,13.92513872101532,22.37534429572936
200,21.63478567847418,21.457096356087952,20.839253224119673,18.93225226829308,17.72403951473424,20.004777234171343,20.488199281327013,17.198257507477667,15.977811952069127,17.107023111411195,15.098198845326067,10.642069665277214,11.674303506523188,15.04043434408003,17.449422710823733,19.617491595833886
201,25.954881039361556,18.090822898937436,14.177913574475784,15.840909236217248,16.800498506848744,16.33864704429159,16.749056177241798,18.612022095029204,18.945651462569096,17.3887086918916,14.815969246718304,11.439777273394256,12.266659490430937,15.565760468489843,16.634398029465057,16.740434162707444
202,19.1809777107617,17.50117848129157,15.58113592370601,13.037843312708471,11.641541343135419,13.309440220684731,13.484621570774989,10.571173353828796,10.307969529595269,14.107379271216796,12.715554361065589,6.726990720514596,5.171912282820318,6.3331740085011,10.789058418551868,19.254031920693343
203,21.336441032719726,17.866258921143103,16.121472742107542,16.823803615689776,17.171462471848553,16.931094667938524,16.33215325415433,14.97122342875525,15.070852499488169,18.34300675577392,17.992517227450655,14.929937577525202,13.997219369747556,14.44572033728021,17.373512457711666,23.565196796127804
204,25.71180803131741,27.30537349528661,27.212844534387074,23.19613001577247,20.501520164012366,21.07681302290624,20.72515797512091,18.551082053541258,19.131083435736986,26.032530061114635,24.62209363812032,16.06301122804379,14.24309423270109,14.392441560984556,16.66573963670532,20.66904094330541
205,20.870699467316488,21.66781367192428,21.984657645938835,21.354579249900794,19.971364476398943,16.926900102336045,15.78317845001723,16.106193581027387,16.445506965163727,16.79086188923068,15.846307969494989,12.302015013198378,13.488209861560003,17.313602799243842,18.44720140563842,18.073203503402013
206,22.486078485463214,24.290488207389224,24.41298643456471,20.5470074561785,18.318749616355543,18.992489141440384,20.055302334481752,21.336508019750024,22.812085962709748,24.31790634887769,22.732813365975616,16.547354853204595,16.34559793418689,17.47022375417601,18.883156429678706,20.690076117040565
207,25.184290028475896,27.099011855998665,26.70073725082528,20.74635843067443,16.87429609703611,17.01508209321494,18.319360187485472,20.387974911946056,22.393490114152144,23.978448334352255,22.053163850902383,15.865183211250018,17.149415278856413,21.352794314552284,24.046709710859037,26.298470297302732
208,21.176027815633574,20.016391332356953,18.761590924120906,17.23442576005837,16.71547846488949,20.031473283348053,21.422364970761166,20.12632708406069,19.66593335199825,19.905713715206456,18.702889631710974,15.910250725311538,15.776312853521368,18.58766614718015,23.756146720319148,32.71613099885828
209,22.812937721258674,25.552181164009696,28.156192884872343,30.63743281173404,30.889203985669397,24.090495659545944,21.628975631312514,26.622348111858066,27.97188336048418,27.106554317647536,24.808697192995886,21.689618223916536,21.04714442999064,21.23890118808324,22.01887253348352,23.28491846367798
210,24.006844324464836,19.93703008721448,18.351377602919168,22.16101629386154,23.789236735521772,18.977502798604664,16.588591688142834,16.291867963792843,16.2136417919217,16.236011010497865,15.367822935787979,13.118659489410636,13.54578681877435,15.106574097761694,16.218576413955162,17.22874235946427
211,17.293686196879108,16.233459862464684,16.102920243430823,18.503296858272588,19.717449513419073,15.322672775677303,13.529539087823144,14.60379674387465,15.765463203195727,17.041991999799595,16.425358742337405,13.393590305071326,12.890734920255648,13.42314476853123,14.817563246915336,17.10547626358896
212,25.658620310975586,31.52355164503341,33.102190633640184,27.359953009025652,20.452498814400197,13.164771133454158,10.825526581243498,13.490876418933013,18.32615712246996,25.48835845771736,22.1602639644763,3.8735240619875277,6.589071784756717,16.192285805069805,19.108197649945748,19.25039257835608
213,20.058878824971043,17.541266505216335,16.71374894795119,19.561311669668108,21.12253506543249,19.585071595287715,19.062518080087827,19.562525861706145,19.75568642485633,19.518066438486077,17.807573425381392,13.641602760181117,13.056317570820323,14.929116170765392,18.491389455970644,24.29808397197528
214,34.78083395027424,29.457453123294513,25.48249500883583,22.992604692953396,22.95975856590552,26.362359253394562,28.33883877170723,28.554083465654475,27.01560372213623,23.933426963060366,23.498251258718426,23.674147191419106,23.71784219913464,23.76338039635829,23.950662670714408,24.305295823494518
215,31.049693258983325,36.53953029780585,38.36529181342663,34.13014906212554,29.26269499802075,24.330321772373424,23.04531825958692,24.609739069695024,25.56609179415004,26.166352655004186,27.558392332289618,29.632032268818833,29.10839520461892,26.549962696185684,27.60677363558851,32.04118779872099
216,25.328031258253514,20.455149449989257,19.01055464041559,25.63064648311449,29.673558698562562,18.68379794676646,16.379716254836385,37.68468632327368,41.884359744631695,34.2885001645644,28.84436448978451,23.67734904951024,19.41302229227159,16.546191467233513,21.454944937213757,37.432507044250784
217,24.525059084740413,24.356291634248233,23.60459564172948,21.772047994268043,19.304092434878445,16.13512873706545,15.111380655442874,16.910066618166407,17.932506175831154,18.258585237541507,16.886899670844052,13.855744973742059,13.58714895462304,15.591675115164353,19.25073566934878,25.298085685203027
218,30.725503235419428,25.348770840522334,22.261033214876477,23.59194251621929,23.32321231735983,17.644583716959136,16.06072741888663,22.907522584712574,23.9907124017085,21.130274007775732,18.62283472197116,16.354840507210863,18.886040461058233,25.75144178557628,25.385246627136638,18.205993038496175
219,18.85775755085251,20.098680589821203,20.833936830772313,20.710196041862527,19.746407101588016,17.010373480110633,15.997826200497755,16.703170120304044,17.264167465080384,17.64660780423533,16.384927288912714,12.365878003462527,10.371836205542262,9.66643676973902,11.496777154541915,16.23336278792948
220,20.529078839701363,18.569918677743736,17.732447295666205,19.30504586172911,20.002565482471304,17.275682384489137,16.577359575477224,20.775704667535148,21.211637794349908,18.12190416825079,16.579780410595966,15.550121559459729,15.624709174210873,15.815099334182866,15.76115698531534,15.601784520083509
221,21.458612556906854,21.935695759050635,22.861101059717306,25.03256855821756,26.255063548798276,20.894760002603675,18.99826412608629,24.82621507331615,25.64339429882002,23.208066244598783,19.952833490179184,16.207057833478192,17.08505109588283,20.895046407680923,22.54538736327113,23.508154716429054
222,17.314301528546764,18.789238815660315,19.70836707892793,19.54222636979593,18.214655624304356,13.776189491019304,12.547903028490163,19.93188687543187,21.268052420336804,18.471054024416784,14.982367159447973,11.050496621128929,12.417695690755847,18.207872729077067,19.253617903916936,17.330541119868236
223,22.33850536327266,18.798878934998804,16.867873469739745,18.033529220018618,18.102179099165106,14.470125994993683,13.548343926025556,18.50834434347145,20.11149755870537,18.57046342382557,14.662721220489052,9.018109817620957,10.979362849325437,17.665181479621676,20.8775216049506,22.8787608736933
224,20.527969053614022,19.56686746392515,19.188266460003895,20.164016247219376,20.686806588305114,18.845029181476967,18.370405238537856,21.663038590830997,21.913678820489725,19.323100604209486,15.93516629155251,12.034779616691369,12.998186348610139,17.225739720899597,18.44779441915982,18.288333678151712
225,20.497432909525457,23.27144556341276,23.821345013584047,19.74885135510958,16.46590959807652,15.720165605647264,17.21874009127209,21.603183843346248,22.049587835747758,18.25856711434104,17.653895342945624,18.136970977886374,17.364701401547133,15.827850948845322,18.82490579526757,28.980478541304954
226,18.457270623522522,20.435470578226234,21.074362936159563,19.656730562037023,17.674433526626803,15.026135672772366,14.493201903379674,21.928240470115288,23.917241624785483,21.433843325553973,17.27602063427663,12.103848883337598,12.978162980983146,17.131799561070906,17.26504233316103,15.12022973400614
227,20.212955204489045,22.203561759027398,23.90882840762465,25.389677858716,25.651662985743553,23.985829662260212,22.601178299917976,22.341896174081292,24.33057886972056,30.39254595670982,29.860898525787075,23.921835840061867,25.37499360109352,29.0721633678925,28.781926674200076,25.679005227480864
228,21.775752907508174,25.727257438234364,26.675987373309923,21.090826291864886,17.629211417147644,17.667092590657283,18.138762587265045,18.840445991444913,19.7706104853388,20.99775117842498,20.37495025201249,16.63841468156021,15.282901423892564,15.384622075648267,17.67354760983841,22.59544468550712
229,18.742417857955758,18.521157578038665,18.961059170637395,21.279281069196344,22.615671634598968,19.364057733161907,18.258311523410917,20.872349844673895,21.756995669073042,21.179939565774607,18.825758580658203,15.047538629766748,15.826899195131816,18.680195260026075,20.024796300086646,20.91525496616417
230,21.49598476729516,18.499886738716473,17.251413079727715,19.24174335051446,20.323616686404137,19.26650649072935,19.308416662062523,21.01985118588496,21.375369915922125,20.20007708075176,18.08791829845253,15.131692860299983,16.471990662960387,21.606801901058347,21.120001629190646,15.642314081327608
231,59.869662125484375,47.01129131217983,37.6861356978753,32.77542918944211,30.047627074757024,29.724466181579942,35.031416722585746,57.49986009798556,57.573738384760674,22.521537598755465,11.925849334946212,11.11470597334702,19.797008882255383,31.296460621151603,36.24041878265618,35.84964771615889
232,18.183522683912837,19.9196149812464,21.573345730477797,23.1586722790404,23.36320921422177,19.242081195353197,17.708894153764497,21.561588510922984,21.3506739333886,17.93056571352833,13.606224054548239,8.687315815381565,10.206592492935183,17.01424471576337,17.424452125158616,13.400812163956456
233,22.26610658605224,21.597905409451503,20.48990309417781,18.337515859208924,17.110703135807793,19.16502325649398,19.840938680023505,18.066986936827643,18.240809871030915,20.391968715949744,20.38765537388656,19.40109034539485,19.117493944740794,19.252998718577864,20.601001405136593,23.66740091678637
234,14.779186095939405,21.171089807227066,24.967202968112613,25.55469561670674,24.669208906981453,21.98856518211293,20.725854425498117,21.6674762302741,24.056876894955195,28.24488435938062,26.85726361745663,18.717899041432027,15.475341024053526,14.036335789760166,15.887369491221254,20.648003622417203
235,22.192153216519102,21.605717340929914,20.441401343598464,18.258241547455533,15.895263423043275,13.830026351893345,12.960840270650886,13.633386279321348,16.03412023557026,20.912216028190244,19.83221107940955,12.418842912238693,11.328389135918705,12.939967908431893,16.899835607621146,23.39926813767183
236,15.206980299566027,13.210744513707583,12.354610629224709,13.820761388275756,14.423968609160253,12.229248940108848,11.564503412991321,13.997411061404257,13.983763562937256,11.53235887352169,11.024362925849285,11.138302674694499,10.612746465984435,9.776493542611332,11.04639513743852,15.609608020675164
237,18.82492243820304,15.519830347174054,13.761338039999423,14.7120961049925,14.773000493779163,12.420620926629468,11.728989524992272,13.571688486905753,14.211510610861168,13.965855251369947,12.79089089803981,10.899640781459311,11.871234967349924,15.006016455939523,15.902791715621177,15.411563929467718
238,15.752458144879423,18.57609952932479,19.801134267938494,18.199847060605013,17.359043551872592,17.897986921830515,18.11413163159181,18.107325551439416,18.096136324083627,18.076032808277816,16.913620657936804,13.084393860136732,13.527742424066458,15.45691358411101,17.092543331721874,18.86466827084158
239,21.14572748495757,18.938455639246403,18.028431661518198,19.72681905578073,20.4714614404521,18.819026090453793,18.04709898845421,18.39877661857549,18.03199482406099,16.992570638597698,15.337541117473743,13.041337682561114,12.254698047679955,13.255744998421932,16.11383939039897,21.662070619126176
240,17.846218907527216,19.379416230351264,20.06928355282288,19.176797385999503,18.863282313867995,19.70039373404141,20.51065365006655,21.217282595806328,21.6803572674629,21.58791311835701,19.89926987455344,15.91800204669636,16.89181254087963,20.39287784511817,20.893304942082995,19.612987309926314
241,15.833337975122692,18.83006507128824,20.179118119062174,19.271557140600414,18.150476525602468,17.002509145114995,15.69160778955628,14.20279532713184,14.590024003738096,19.2331486986581,18.697114392351406,13.855918443178828,15.685042748423678,20.30816944642919,20.66605317920651,17.84230841951269
242,27.986055575478936,27.170226523849152,26.34734780053357,25.738881124914588,24.68168429397586,21.63503096049423,20.205693225329323,20.60084995668641,21.722900107741474,23.39671589762493,23.296706202309846,21.357987949463954,22.431599471175044,25.07136956039184,25.128245004774342,22.890106094991573
243,32.850024872467955,32.105456836128425,30.201596226376537,25.96918018013465,21.165561346337395,16.98439947476889,17.16973904705387,25.73775459407934,27.022973843046675,21.79704847124878,20.768336492003375,20.73265127097336,20.31946866049494,19.719424192480275,22.94413561933664,33.1237701008461
244,24.21468479461582,20.637676880623115,18.454396114642016,18.694252692717363,18.225888573031952,15.207607564079412,14.646134079368817,20.683418203942075,22.22894610270663,21.137673719469397,20.480350620737628,19.91226664361508,17.759079290636116,14.10559109861677,14.511382919881655,19.67306191563504
245,48.495995149077615,47.22150002594222,42.327406292516535,28.17478653717415,16.42744161699804,12.148400386146983,14.578660593058439,23.90690459446557,24.405295311152454,15.591653033671982,14.242343417302973,14.701414892767454,14.960070849513253,15.259930513112872,17.556009479944983,23.302840772850786
246,18.559235407982346,18.995116045935482,19.92868628085586,22.327472867923618,23.702528094114708,18.149897606453795,16.126656542328796,22.2663442454794,22.52957746585462,18.10337435604911,13.7345261767046,9.520194413695581,11.664946947292101,17.63659115753128,20.657082315525546,22.547380841737272
247,21.02807041405279,18.290008391571977,16.94287775485305,18.47175333175748,18.947776148295425,15.503696409536103,14.675777313535384,19.68988815581088,21.074903163839156,19.790863266680027,17.408445867075095,14.290868793425629,12.068405261900459,10.948015112481396,12.781877172241296,18.36012482929744
248,23.73803668784864,24.496743903405836,23.21537394346986,16.497000806122614,12.515121096516303,13.798603294838939,14.038032281282307,13.232485124072106,12.72420821834061,12.490409077677368,11.501930009567216,9.331406798876067,14.122503375957614,28.48182878633021,38.140726042312075,45.91055450717734
249,25.268270177083558,27.421206340655495,29.540421090884486,31.589869972336487,31.82739163429987,24.49737462366283,22.389120998285417,32.654624440701504,37.37663736873063,37.32753463528932,32.275361620759654,24.091421177053917,20.38026654549876,18.387364070988664,19.076775875031235,21.798267380196993
250,20.3301112231103,24.551981955913238,26.33663886517364,23.93082352334432,22.243299289716976,22.159858411715362,23.286410471855525,26.422500196105144,26.24137910990076,20.512393550265347,18.872896877110094,19.017882763060065,20.780638650540947,23.0966065481782,23.855621049825025,23.145410010917793
251,24.41276309765732,22.533117237177297,20.812794598610076,19.661417257309285,17.937394850782027,13.856937680166908,12.630705984346019,17.28598034280015,20.13920295461031,21.08799955032649,18.248045691900014,12.376333271196414,13.871560224017808,18.649945809508203,22.26304753920114,25.719373261501513
252,35.37871300597598,35.68929237758167,33.85668125914956,27.473529456505826,20.727541346142047,15.589903161347461,12.797436321328703,11.60857804555182,14.064965160156182,19.85864828580214,24.94617551283953,29.195124829390927,27.12648474043487,21.74296537158604,22.656569687258813,28.996194963871822
253,25.236539315112815,26.78563537859262,27.1025502911609,24.915480678971278,23.07048405069186,23.05384645688644,21.9672275466831,18.607600799509733,17.645400816791597,19.9048510075617,18.46374493226256,13.632864001229834,16.758634473095956,25.71655258098184,27.53342070297473,24.08598685249625
254,16.191223445722766,13.717773501517108,12.466623023063548,12.807488566502824,13.090784849606475,13.175122349886816,13.49194206660867,14.280652261401837,14.957925850370948,15.118629481842644,13.489897992527977,9.31819127888874,9.581189213835861,11.531600879766577,13.79214756017571,16.668792472743945
255,23.871036105975403,26.947359096246206,27.831990071322085,24.28735224775553,21.650630008638643,20.86082888915778,20.64403558594224,20.64573024714333,20.833519835268845,21.212744416223835,20.979633023221197,19.87708363315649,19.56457370540245,19.457303995219885,18.870129074873084,17.91108429611089
256,26.280803121042947,26.16860042648588,25.93711273285632,25.486852871189875,24.639334460173707,22.483206705075414,21.542103734375637,24.477412290862176,24.029184372850356,18.934423213269042,16.633475212606662,15.472876912240952,15.80310636974052,17.13838560201037,20.473589440282286,26.738800806271882
257,21.164873072091275,21.44625311515795,22.29500928069759,24.983843918441067,26.624114982088194,19.2916410041559,17.053176347672753,29.134365363933867,30.549606334474795,22.039283746463653,17.707544943312882,14.888307348723913,16.577157163568838,19.461813692711623,20.542790766690633,20.60526831758373
258,24.555645065015863,23.720329878885465,22.758971852944775,21.76405530864475,20.187423058878146,15.844027698997534,14.472459165010685,19.73193130103767,22.365331810174602,22.529368893685014,19.374891579442334,13.88220401144854,13.860579502792366,16.004220340819373,18.862533533916203,22.714187739398916
259,24.985719797311695,25.379905903891498,24.342853422279596,19.528442194969596,16.22157437358751,17.523513620861667,21.28214287773644,28.03513038274177,29.14685868353602,26.21255755399953,23.40463311621017,20.4738122618023,18.72493360425105,18.529479346432872,21.544167799594373,28.995380859389993
260,25.194861536022064,23.41178568666448,22.624642665511058,23.303160205409792,24.51148143448803,26.53621628428859,27.09422460542077,25.580544643687023,23.880819007886487,22.083314977055956,20.66446353795597,19.62539865731498,19.93233287403742,21.117743536514336,22.97770950797812,25.782651457697163
261,15.959196895780712,17.157753597122777,17.2984946854248,15.574456361475184,13.492207508525341,11.300956617568314,10.974085980102911,13.503077365132985,14.863183786336181,15.511938860366184,15.449760069756817,15.090109476527514,14.250330036257724,12.93833792099084,14.682753010984225,21.247487907722295
262,18.5815393901969,14.87785985228224,13.092861233607122,14.574398389268728,15.022868785991855,12.95996861116339,12.518269012624271,14.149132383927304,16.347210203284938,19.11100664096155,18.078076928095317,11.611120038401669,12.397082598845053,15.359811496160523,17.890642310023143,20.60078579970756
263,18.62400302743148,17.535726532142583,16.01166913472366,13.390641592342956,11.847545441031508,12.359846909365348,13.681928596981471,15.581849602135373,17.047613015628293,18.055439334174746,17.729380262912457,15.914841983468268,18.086779405589095,24.17692445960292,23.075188303203674,14.580655298214383
264,17.576340782563122,16.33551771825063,15.67991498111029,16.207927347070232,16.348319657458873,14.801463034375821,14.496472483687105,17.634925367152217,18.194326775658947,16.76276188218083,15.864182547125816,15.075758942089523,14.376183696665086,13.962609702319885,15.895389860274957,21.75790757346214
265,19.407246289599755,13.444300485834487,10.687370492590029,13.13734503835696,14.932491483727102,12.598955544016624,14.33408436860049,33.570868941397194,35.589700171622766,16.037799738274224,13.81450224740077,16.80196274223828,15.697819947497086,13.898044126095895,16.032864378847865,22.694932153970903
266,24.170744019109137,23.863863212165743,21.89410005438098,15.148737528728153,11.106280757467914,13.57055248968122,13.979511847552514,11.729522272569884,11.652121644661472,13.65058778228344,12.967577247136147,10.305116689360947,9.215414359281057,10.345314137705634,16.751601020999853,31.945832195936305
267,22.830410371145977,23.290655518307755,21.966562255455262,15.631803496049782,11.884110130086794,18.44407575138903,20.391826717764808,14.30607369487865,14.05434294823245,19.433650597102638,17.726073988734775,10.748906930415478,11.239940915025242,18.565479690806086,31.357445099412917,52.736515876132415
268,22.87031338676683,23.86927461593403,24.219832686942794,23.43083155179443,22.074489150071237,19.692720119083553,19.108857292177113,24.492507280472324,25.3482360844834,22.447663093521548,19.785316247572347,17.1493076518193,16.468068536601308,17.160326815991432,19.307402767279275,23.195370117350258
269,26.383667590992523,32.347587302732066,33.69531875970415,24.126315964604583,18.876389675933705,27.621921682369557,30.475820797495057,24.98459450547601,25.09347328879695,31.21003422252872,27.727909339950347,15.13640569703507,13.572509004417782,16.107414547844463,21.51543399443922,29.844300791028893
270,14.417190911178002,15.042543063389589,15.726283892188324,16.293202634486015,17.433698220730715,21.88716860819006,23.699784740000158,23.240105972170422,22.80694422431695,22.407985583466818,21.08806538224875,18.19510646983428,16.125330944271866,14.656339544172534,15.247504954527693,18.124599728399808
271,17.51460281868152,17.131784889641203,16.77979647807374,16.435121898923065,16.341933521867528,16.68237161043146,16.952304864954307,16.754838558898303,17.36433288492058,20.10970666526218,19.672462620632277,16.398436654110228,16.227114102129303,16.955441202708496,18.21910342578228,20.02032776584961
272,11.976647511652349,16.22058409368688,18.033893721117842,15.41013926496362,14.002541697517698,14.972926899329357,16.921410606969886,20.275988534170917,20.305582011516737,14.397711333163159,14.101140655858032,16.192290576610024,17.418712331167658,18.51417023130567,19.048135712706937,19.23233347668249
273,122.50939413516008,78.57176057629508,47.43288686820402,31.987758617524438,22.377544598438856,14.58354201946478,12.797994566418861,14.960379950193536,18.751819764427783,24.31026325348537,21.839942289998746,7.059267785119054,12.25683135254127,28.164647957808068,30.42090932448804,23.039282141938145
274,23.245583185882545,21.602942556809754,19.415156981889968,15.795459838205927,13.89421917437592,17.574789653283485,19.324842244298615,18.936074834845147,18.363244283033204,17.658543225442344,16.072825272314443,13.438312072285285,13.522144019822191,14.326896899790661,14.989702280299987,15.713560758460337
275,24.779494524537107,21.01397521553287,19.207056942677806,20.643648004629995,21.139801038592307,19.97645529836296,18.931708583370213,18.020811904777954,17.373338357456323,16.921917771840246,15.822004745926048,14.14997634359467,14.238223363594896,15.681381012461564,17.567826484302998,20.228247023418835
276,19.45519521353031,12.744924102402859,10.214995162761078,15.266270473202955,18.98348003489536,20.116271717370818,20.511603643604534,20.493592724458384,19.134792432992256,15.568983124872787,15.318241570405648,16.47932822961827,17.061333026146453,17.65716042433888,18.87648210159115,20.770159574703243
277,24.06822359188088,25.14431907254156,26.3729272129779,27.90895138338286,28.38284867619337,20.563999324019825,17.923349902974135,28.275956855119908,30.622750856147427,27.34488721905298,22.09876212608031,15.613128454149273,14.000084900411535,15.754044807476754,19.87795541609845,26.822977247668483
278,27.072402923961096,25.20687892317334,23.127255858334504,20.762655492103924,18.329758913770196,15.629823542560512,15.125089581904922,17.044903833767233,18.142577910353893,18.79757818137335,19.149707712036644,19.42301701474721,19.248983296532842,18.680115344480313,17.669944771914523,15.974525211083366
279,20.895459466933684,17.73077905554979,15.654695696047208,15.288665210258365,16.706176751881145,21.885594554826387,23.392117074376944,16.487401487826055,15.18222672955881,18.484776683358664,17.69829483854242,15.244053701074494,12.621309104508903,9.988424926576373,11.407972780681732,18.763829869490664
280,16.490831539075554,15.756986140901757,17.244565130316712,25.137099697311243,29.48162988454605,18.177726139932492,13.495238055868573,17.513355344216777,18.63591470135824,18.191279558542643,15.841077930915368,12.191284309648676,13.027335718564153,16.212210931601422,16.43007481875165,14.859846910291088
281,18.694643432753747,21.801884085753493,23.005061338160136,20.64935368216651,19.025317866313596,19.200911041311166,20.637079178120256,23.92061920572561,24.308174768698372,20.211653565444713,21.407003031429213,26.61212278014336,28.019789852278297,27.42898126413372,24.29700297291622,18.311154102520398
282,19.838581537754248,23.934299433721733,26.29410078150977,26.183821750026205,24.366277949880235,20.336589553853507,16.93070433180694,14.567543068393961,15.547205481334327,19.853846959655854,19.781214002148936,17.178254076001167,17.786666635148457,20.16535625962182,24.268184144111107,30.764376628844985
283,21.052133082323245,24.436664433182827,24.83205307698711,19.019646243254044,14.0742698789662,12.177852718240532,13.67562068892813,18.93733375674967,21.131456202139717,21.471170911104764,20.145991295044137,18.07066258342652,16.958974707430563,16.300144870192295,16.635337375502388,17.84536473634405
284,25.9147934036619,22.891147457561367,20.933488575253776,20.90279472828865,20.452743744626055,17.238146785619207,17.294957402709407,32.489147188939,34.07926516347136,19.894554230888467,13.067672425942545,9.155755287103592,12.423814580302809,17.83670933726073,19.123129781344147,17.24325089193606
285,20.77193885811865,17.02554664802624,15.737475782718242,19.59926900636001,21.72865414820895,20.44321920109585,19.745591575878265,19.606590926524007,19.26785749360599,18.696027903587844,17.338279777308472,14.787724523279579,13.018762864859431,11.84812979061348,12.554224585562142,15.341621363693884
286,19.300841982959334,18.92095619637369,18.11484394616558,16.118878983679416,15.075726596320209,16.290403997334614,17.64569547645043,18.85865876067337,18.321514355175495,14.524475567776538,14.613910320302935,16.911804229009025,18.308660205889446,19.359391197597237,18.560611865146683,15.65463665714893
287,14.323024189758826,16.84735613065695,18.216785169966347,16.906680304331413,16.713053800393126,21.23600359516852,22.68345225158989,19.175645636773254,17.784504315794617,17.405258141070764,16.87252046797566,16.229058045166177,16.125032835118493,16.77819473930373,17.96834880654593,20.038882757825203
288,15.719090940108543,19.64154869136256,21.98881124761635,22.01773093563409,20.335589651931553,15.573671157387473,14.257760742904978,21.211437250168494,22.367684024625984,19.17079037067864,16.86172960908707,14.743929261042965,13.60998381212827,13.599242954251336,16.577789940849748,23.881177874014227
289,16.351486369277573,16.244009661668688,17.3454562804697,21.97733627724605,24.548454892682926,19.793703168444452,17.517464535106406,17.71309938303838,18.196438404833586,18.874282770865122,18.880747896251975,18.32601882011767,18.422852084182416,18.91674648156184,18.072051178303305,15.43039728643744
290,33.56846064241411,25.31112397264278,21.432142173392936,25.337477983829153,26.646865244643315,21.524858492925556,20.058912572158576,24.69769815876431,24.519998546436955,20.250892311443447,17.066993802371904,14.635226328688216,16.785596386181997,21.36215981084951,23.076524245331512,23.02180472694865
291,21.985587692053507,26.648589948291765,28.11207268796267,22.50043742553258,19.35600872881684,22.858843538445818,23.619967657249067,21.11039640690381,19.882864612867333,19.407663479924707,20.431302470524493,22.453061283805585,21.737600177302905,19.334451086471823,19.78658042397494,22.718910324438415
292,18.327984913874644,17.974660331489286,17.857466426032317,18.569513638640792,19.01962174955513,15.509608762400688,14.747683781188849,23.016646191235033,24.624847988141493,21.78162010174853,18.29481421758823,14.417851770138766,14.88865835316214,17.559101971301658,18.02137181357982,17.528495769763033
293,28.62811554226206,28.289189357226988,27.23683106817321,24.291609463520704,21.908229980292635,24.136087889424935,23.651745094414554,15.231787784214026,14.295212185827504,22.558198446136394,21.914567410521993,16.780633236956355,14.056033939524443,14.452322081538233,29.04797755629094,67.83071163594856
294,29.036627175679115,29.315239174378803,27.993262882778566,22.522038411945523,18.633197622720104,19.884261219017965,19.315957529984168,14.485900769679976,15.474997832261792,28.26015551056556,28.027854531685733,19.7291043737669,22.133386169735154,27.313454777460898,27.017299103784627,22.774266026222854
295,23.05533912809966,19.445688231167974,17.204164191093962,17.568073394980217,16.988888273715006,13.14617407006926,12.061197381225703,16.787633374945738,17.604433812818296,15.727317255386566,14.421753057547416,13.309003712457354,13.933671640145429,15.259425258647106,15.82211913294952,16.00859101041231
296,30.244355056701373,24.5871425823763,21.412588256787092,21.24985885978779,21.847203214894638,23.295399440234362,23.832001819728234,22.225797882095144,22.177642890536603,25.240488031729985,23.46473724436099,15.576697748396375,18.361724970898866,26.49879920493886,30.066094595296846,31.680341938605658
297,29.568209908620542,30.264999448597152,29.94500418879388,26.90486253037629,25.300463123536698,26.698564029252456,28.70504483332829,31.26261320207797,31.793467321117806,29.362305345400713,29.86941248103384,32.69840648847048,30.700641702783262,25.267262774622203,25.410764234664164,30.663059055315003
298,23.873682206841927,23.05727220158745,22.006803523175066,20.393630724510427,19.398602161152706,21.124326775018005,21.56028475916073,18.47836317893824,18.502272876231096,23.41573014088223,22.50575719636299,17.16298374547641,17.87872741602305,20.139323515478264,22.365699595603324,24.929594449385558
299,24.210109587997575,28.84064441064274,30.321662823034927,25.60008726351941,21.969272401142334,22.12338818103361,20.431103365983,15.079799404782715,14.83035254778755,21.22652154017296,22.434433443514052,22.398484372488422,22.199638623071294,21.970381601366412,22.161651961530826,22.98059131320273
300,92.79346235364365,120.13791176655702,122.40989841075185,72.32402001725606,30.64377295837832,11.732490500222486,12.440005643349286,27.69863320134295,31.277927951489946,30.282888172495678,29.590528137728086,28.87643218182561,27.333402261694516,24.98181783182109,27.303674846964004,36.76376824747854
301,14.50127128404323,14.765946919148886,14.596105751834655,13.635170312170516,12.184148902084267,9.939626608520198,9.418724158064737,14.850013140728478,16.24213244673983,13.761142356333302,15.012248426081694,18.480276456444923,17.338952232484676,13.118168709779464,15.291718627579653,24.088910948394876
302,70.40329456178056,65.28046807557268,55.949670791846394,38.16473408893776,23.861769087630666,17.02524029289903,15.120942335215785,15.116035315154358,14.164605670160283,12.485085742151925,12.650415999469576,14.902331065970042,15.479168327479496,13.749096826205813,58.8249958483392,191.59546583342924
303,16.958973973061727,15.803068061972775,15.64385572059812,17.825734365517835,19.120445878778643,17.996054689406478,17.564913654735946,18.700852660018594,21.7925315063802,29.011129564535416,27.283184503311446,15.495302549959248,12.20733662065968,13.421862991965597,20.40626391302873,33.99826900030857
304,9.565938947569002,12.785793042843713,14.196326732079152,12.257721312950645,11.432826108886559,12.64426603901105,13.852347072171124,14.978142673156343,16.318337790034892,17.82071100072901,16.0317862995278,8.40546188165884,7.177828452840057,8.872426440051877,12.765487097133198,19.078597261117224
305,18.405287087674925,17.332006447830004,15.78454661358397,12.951905617316084,11.590211501725724,13.251693231936887,15.372157585020092,17.723549310741344,17.736891453045022,14.895291825845847,12.375465795813186,10.15918996274813,11.044926036592262,13.35451481749576,14.185769020487387,14.32707721969428
306,21.39747499305617,22.170499539689374,21.46909050181522,17.040565813107122,14.096803236035148,14.407779684373406,15.943460879283217,18.746348044180266,18.755073001340573,14.904523209810959,11.842831909595231,9.422522248695637,10.56273317311943,14.101571584985154,18.580547159717813,24.65875405686408
307,15.775675891338116,15.556404728829724,15.314923918311349,15.011563027973796,14.934929223512512,15.769116715746836,16.674322197647324,17.23154908557238,16.45591996668614,13.185848481885353,12.595975880747048,13.169571936003145,12.612272248334975,11.325282638606097,14.697763570078484,25.682488931954055
308,19.399665922669616,27.560934498261723,30.50807479570201,22.24268318988615,18.114290783177065,24.66210413123948,27.836716486736346,27.72656559553428,25.939072953868493,23.103151334372907,19.323178857179638,14.88898030477645,18.435273856127935,30.656363169708303,34.99311987053196,34.963100440898806
309,22.931610569150102,25.41556250129418,26.066165803995432,22.581789148761928,20.590390119506985,22.549020612607585,22.896257367645855,21.362685004804632,20.397780074074433,19.712487803886095,19.653936054495112,19.849302165890403,19.500740807221188,18.617820287489348,20.465023666576663,26.65033292588923
310,18.070650667888266,20.014368464619807,19.786820760777186,14.284359123155838,11.019243868236295,11.999119139998358,12.137501361588198,11.515826519922447,10.632471314232982,9.444277010496327,9.48245006433882,10.502843250170722,11.228951820575318,11.99906603409261,13.52751423702264,15.987266851086243
311,24.261840711619804,25.21823513521373,24.530041826425883,19.913753737919937,16.55964621317262,15.713723173310598,15.350194811315484,15.1372284548981,16.030376840708875,18.955188620087426,18.989971824430622,17.091040530101306,14.657258390981942,11.799180000089143,14.183974370948388,24.851402681556564
312,18.30779985656348,19.926048123449288,20.41849231272978,19.145541903203156,17.428869870900357,15.226162152090808,14.72972821249425,18.58716300139187,20.74107007747656,21.7083414025765,22.29896630649859,22.52251808848913,19.934775235831346,14.12129651814622,14.693080910491028,22.001765168807673
313,20.588455709759238,16.556009755090795,14.9181711448301,16.967143807577425,19.210782054629327,21.390818992754596,21.48612983944185,18.49095184775375,16.271742885039856,14.688839475561375,13.730305691867658,13.329655597993035,15.358607061214128,19.167821076382285,21.081222900314206,21.944568529896188
314,17.714086213890052,20.89084407639349,22.499940889902945,21.751613306116717,19.744343758393736,15.652486884582444,14.339463695828899,17.61497020237335,19.24928667483879,19.58539868491022,17.807108422421972,14.530370875754464,14.594233241418195,16.281801725022145,18.57702765569908,21.74257987766338
315,18.727440784036382,16.799344638403532,15.569391922070654,15.263601919731146,15.753645633178975,17.364265857714578,18.32359286578326,18.671274307649096,19.168593478723583,19.906488263246743,17.787214138845957,9.70678722804986,10.539580474428108,14.50312646506551,18.72957273229969,23.886356795388064
316,16.48868356342653,19.95405441278632,20.93039321013605,16.821962268072696,13.825221958720022,13.001896818019434,13.238866081312485,14.195304533177957,14.910510323382395,15.273094996360363,14.416667642662123,12.200119310006489,11.639484447840971,12.64698209557585,15.472689906820948,20.92844155363384
317,20.392144688551813,20.11445915063261,19.084776837105785,15.788920904673402,13.925447347268028,15.22325168835,17.309508418134943,20.127184117623088,20.232538384922233,15.546646490444594,14.688192636560306,15.206386396939322,14.358948880733472,13.127413112151897,13.64199877899244,16.327534726240245
318,26.5706371462376,28.18289432149391,27.79995026346655,23.5926786024064,18.936931024248675,14.969484912851666,13.082565952976646,13.236336980316777,16.058269306538456,22.072103526791253,21.229084230941126,14.481879320081765,13.982120673424225,15.268555088880658,17.8594808387838,21.690475851594446
319,27.27661728321006,34.91739429811291,36.51175339250296,25.936712043053774,17.100360062028706,12.982854056954595,12.381119591418086,13.630813095377983,14.558267227530406,15.264281396840142,13.768404821696896,9.143350646156392,8.711946033649083,11.956925422367844,18.129852441532634,28.66024073449106
320,22.66289615036478,20.539157794922808,18.72058901261949,17.34928483221344,17.52756506906631,21.888303388912583,23.325366473944023,19.233823618310833,17.928070960195278,19.346475633276203,16.881928556431035,11.437951000034289,12.104966901257212,14.878515713833439,17.842008825839855,21.453387754090933
321,25.76369102154597,23.74407031387933,21.47994877258523,18.650475265941367,17.708225038791962,27.275360816181536,31.115867472009093,24.74003036152916,23.117040769655542,25.41574014359154,22.05693964256275,14.505120369252078,15.646891411598501,19.771015941689036,20.76028607672727,20.411681591051106
322,25.736480319413296,20.671729072304696,18.162962063199743,18.844296965110708,19.781245933092375,20.993107392178402,21.26404102631672,17.724033966928033,17.32670356818561,20.340647076368548,22.54797514235293,23.952260723947266,21.087170807482444,14.277463087228494,16.399093674592116,28.410178047120453
323,20.347055704033757,20.079708588041957,19.255044161199258,16.622549070567064,15.214298554050146,19.758123257357205,23.198120091979195,23.843010408792665,20.983606259032353,14.338449758604849,12.98790912947266,12.99080003964674,13.397590305799518,14.021039993452373,15.531272277759275,18.36598957113133
324,23.981273505036008,27.09036403242703,27.433473343100296,22.19890012719276,17.279788980729208,15.056761154196355,17.12262765659143,26.07720229755795,27.472207444807452,23.186819807015425,17.576169971370895,11.114504435194846,10.061123618015888,12.286879447298618,16.02164486165106,21.666248927423982
325,29.066397472537496,24.05673245062907,20.64918079779803,19.279752863186644,18.02517785562881,16.468057671072046,16.748165501570632,23.43014321057154,24.882453196147356,22.557137924828485,21.05279166207655,19.67810580022554,17.462438161679273,14.644700521183605,18.169486574015227,32.06711047993982
326,26.378706017017976,31.662172369145416,32.429458475061196,23.237503571929214,17.202135157631872,16.48516453807932,15.76352878298815,14.774638454129065,15.183381786599636,19.16742076691056,19.006909885514922,16.29621713243728,14.207773126845575,12.495947923451556,14.118714412575727,20.34001126543743
327,40.76618940348173,38.09126468675268,33.28967314398203,23.40589107956811,17.759529890371375,29.519147477265086,33.380981484211134,23.955715080761692,21.821132855146388,23.777245982201144,22.59403290637525,20.16461432079487,17.518732342479083,15.09904854320318,20.608938018855415,39.69762602523698
328,23.91753410256856,27.164276236814445,28.298426337860285,25.610496709891798,23.247807604353138,21.993983886435043,22.393860444230402,24.739762107884484,25.99529348431912,25.278721275253073,21.41524588129877,14.110716546987053,15.064597147067657,19.073982455150936,20.367875005845814,20.679657059476092
329,46.97964488933882,48.7246209791383,45.370640891890545,28.951616371780016,18.079508414309863,17.572470818418733,15.804162433211387,11.975227619742835,11.554033638922553,14.677010372628036,15.958792740111036,16.66396076742668,17.8845002659553,19.883851384382073,26.359004917302908,40.49987105469774
330,18.787111321817953,22.609391598618604,25.141736437715934,26.196273342103805,26.14684002666024,24.819422419208415,24.1414095018968,24.987527842219627,24.214559148946332,21.211744034337922,19.24220502547659,17.637894844377392,15.570114672614325,13.376458636043978,16.33768396249036,27.923506007651845
331,19.815039489539707,28.66696470258929,32.59485560364514,28.17034897215903,25.56588624215834,26.276376879699544,28.53122370778428,32.96596941231589,33.11930342869519,27.442103376971314,24.241403201767614,21.881996426489092,19.285626619836943,16.875053226267315,20.51287569883987,33.833419261420296
332,19.54561060164794,22.74501885871574,23.860545539051227,20.247801317898578,18.417906667629822,23.12517579811124,24.516121171813218,21.629603595075043,18.88772590716495,16.17542229011721,15.871288635023534,16.738166836853363,15.637064057501984,13.787968371345125,14.180763655316486,17.087025174436587
333,25.395920217552295,17.853397456890676,14.364249955496835,16.387832373663734,18.814295379515997,21.55771595499552,22.32899223728652,19.477552879321472,19.419670154000595,22.789504498616665,21.644480152280277,16.7418851008409,15.194328495147843,15.559892510202504,18.634132700460086,24.85033581763638
334,27.635735110243427,25.17243984130063,22.510899306049428,19.180685930879193,17.70737657244519,20.054718033845134,20.72961379118912,19.008243470860343,18.717802100322352,20.1271279068985,18.742273750380384,14.472836426276846,12.126466966889684,11.479453820500982,14.85174488735374,23.61751979260803
335,30.44105855717503,30.715787038010266,30.916278476361644,30.778736443570665,29.92591111337344,24.614284045599312,22.69585629394246,26.074948100055874,28.99610480833879,31.50889490410277,30.129714539044972,25.463936702436335,25.61276790533167,26.76312173482627,26.44091135576816,25.4191822586253
336,31.68038256987341,32.91258219679423,32.362308756932684,27.216807471618303,24.310557681228026,25.592979813737404,26.775004540043366,27.743586096078673,28.484221963776033,28.663171991878713,26.4550431199799,20.73035294886658,21.894431342888282,25.989788520488744,28.35662541144703,30.20704334155376
337,27.752730363968602,27.785187929573084,26.954523425272352,23.695434790191786,21.60219395524142,25.24548199517939,26.021202119939975,19.96575239880457,19.682732187401527,26.474904930818038,26.39477292229085,23.07865671444223,24.499047215204406,27.29469411452476,26.220817838886326,21.427087280056014
338,30.757498644225258,39.90371203749966,42.786890334934235,32.431476464726266,26.322335634293715,27.53684827121086,27.953791242409196,27.30436466249481,28.86184603733287,35.71757201492919,34.47839892997536,25.972242853767348,25.455977895045166,26.923564334354616,29.432046391650598,32.9299131376009
339,33.889581899532935,35.5317744978955,34.4322746975661,26.141939767496616,21.217078821613555,26.01567520383309,27.462543075189025,22.68874216770043,24.405443634618837,36.47216714559594,35.34130330376139,25.505638435859662,23.655737699097312,22.841262275025937,22.564589447800152,22.485132240090103
340,25.659133254401986,30.122433016215254,31.997309168295512,29.677944768916955,27.66436655652206,26.519526137751573,26.94466259622241,29.31697702598119,31.246215796463446,31.593695930012103,26.414483107666694,13.44408427654892,14.351944737339654,19.1675584114847,23.77046771707884,29.11799993390187
341,30.055427758024898,25.645984840174254,23.000447147654324,22.45278906073734,22.113751765582382,21.803700950932647,22.081851702875632,24.017303051347316,25.063095044256954,24.5365340738331,21.957660492075302,17.274587914123263,18.300432257440875,22.14327610311396,22.69160356217962,21.406387188494012
342,28.431631715674122,23.831092622896872,21.33988378343511,21.7186650456185,21.712949045137865,20.621479802562845,20.767681755040933,25.76879932187562,27.20283567479635,25.420121447461593,22.353214787864506,18.345867431609722,15.360040318188512,13.689668481786514,15.914462979934614,23.081211324793642
343,29.754398222448003,28.582797150559728,26.41575668993292,21.99153286680921,18.932325109143974,20.070567243999246,23.818486932997832,30.81642198541679,31.949466698634478,29.13200798718825,25.746114871407347,21.966206792804687,21.118220499290413,22.259428853211546,24.504066613077264,28.096398215440637
344,24.25823750137544,26.151831789148794,26.217939254680456,21.570661119417778,19.085967758922845,25.145368745577308,27.58816072137116,25.0066887925405,25.073179694019135,27.608975856215054,25.767588394612613,19.525742298520644,18.694154885875992,20.167976366952434,23.324614382279442,28.292822571592346
345,26.396611980716663,30.2426193850255,31.112347709848326,25.075251209150842,21.752105127884263,25.377308680526387,26.851529006610818,26.24208696382958,26.232009341319216,26.598784333582064,26.076854350508842,24.551246728694743,25.233699489385728,27.33225884554737,27.73592200268402,26.936939845048574
346,23.647647027018714,20.91644888127088,19.32270809736447,19.13220811057401,19.32676200228328,19.917312446239745,21.46111630130818,26.19831782585825,27.418265662101486,24.78687453558347,20.40113111729737,14.812693097891735,14.169432997870265,15.747172286801554,18.250430260504988,21.85986284763799
347,27.622519482494162,25.182576112252384,22.474431993118838,18.97311078380033,17.142765942316462,17.75205902019852,19.49089553345481,22.410462921332755,22.72742525867201,20.53516109796104,18.374801947387887,16.307047738920296,17.40094870280803,20.587590444198355,23.581366749244836,26.99892274963781
348,28.89894844931917,24.584385655720013,22.25740480200663,22.637429584789583,22.584371603939463,21.657821199751005,21.43724875891177,22.50694525093702,22.648974789644395,21.97254682758332,21.888668865673406,22.42951388503384,20.904258031715873,17.103121385486638,18.316130983011487,25.221710608376057
349,24.991019662698147,27.3570039683532,27.760014704817973,24.434031839967208,20.974290276089857,18.72000970797353,19.677663524789015,26.852819781269297,27.58857055488992,22.723843692786428,17.50142630123031,12.16210527577817,13.987238800980785,20.012601021838066,23.309279503540584,25.709967161601167
350,12.219493998936558,16.408272737163603,17.843805530482644,13.211890283602106,10.901258963424713,13.886183075633607,16.444080692651525,18.42546208588349,18.785330071616084,18.2617753502439,17.043044590045678,15.334663592767527,14.31881241468047,14.167943965229618,15.748654434547378,19.700220276591654
351,20.300870497539915,21.08027898475108,20.971568853906238,19.193721688333806,17.116088143608458,15.39964916610146,15.840136795974166,21.85253855927704,22.629373553287767,18.072070089934662,16.578054848587435,15.8905899736547,15.555492925640001,15.373150191135462,16.231935907187868,18.490150945891532
352,22.196177626548405,29.03264779469992,31.41494389247019,25.61466157519985,20.633232125772885,18.55757492839675,20.240329079622068,27.529000575299232,27.845329610678295,19.71389346619455,18.034351300721585,18.255478226777957,19.40469963243765,20.845363360790923,22.13676356245731,23.288330588947698
353,26.151242503251456,26.581818526667202,26.733839066341112,26.312640391161796,25.52954209663632,23.818811852980467,23.572780482745383,29.879282731916827,30.30029782456455,23.02523734172791,21.40197549664862,21.530145709465323,22.678377048384622,24.134016933771814,25.378059856124764,26.420745184461524
354,19.03564395256135,20.661646219829535,21.48936449876249,21.219135221932653,21.095385815109264,21.19328251172083,21.34091151267226,21.591984563495178,21.405174979113756,19.836148827550826,18.651179498902895,17.65136137777445,16.717096893157755,16.18607986759549,18.893832271784582,27.096330764811025
355,27.83020924907284,22.907908546414777,20.74947006811574,23.933996476859814,25.139595083711207,21.62294736869406,19.71238491614079,19.203689344676846,19.500550170254172,20.410431800457058,19.687294333449977,16.63031539343816,16.135498107300805,17.81387536110305,21.61272274125184,28.479607976790348
356,32.32493031255526,26.539505727734127,23.048548904826596,23.621853489904044,22.869205336671268,17.9314070551244,16.604023673988113,22.505715819499123,23.858176332102747,22.427452485184656,21.936664800640354,21.91144931375056,18.65693648250425,11.92855010192803,13.754170402649459,25.531813937817272
357,29.33054304367995,32.48221769967797,32.70133977871854,25.69159449752613,21.950462454462198,25.649217903543743,29.076249668603477,31.971350796355118,31.751824790150724,28.565551628462213,23.630684029100607,17.272251135442083,18.81245080865223,25.435205662257047,26.196892684921533,23.48007410105761
358,31.261100176247982,30.718203534671492,29.56463334063981,26.84702872004531,25.0841663880637,26.99616958059073,27.27745975125211,23.805640917741766,23.903530878416728,30.040400268125808,28.451213473057596,19.998853328590908,21.587386502303456,26.412776015225106,28.799735787094978,30.422413347510762
359,21.00346534885644,19.766749000744078,18.360703730681692,16.7352761126431,15.003483901653148,13.15214427182894,11.828940653091971,11.596930360393616,13.621995723346172,19.176477818589664,19.25743942926006,16.143937575242397,15.25624529979524,15.452849340002567,18.3413042183442,24.6862926247805
360,23.129002852456335,20.976908888274977,20.89429058474395,26.023004224444822,28.874553948762063,23.431412515684656,21.63473826092688,24.97081436627177,26.38117592905407,25.63209341576815,20.34923774345457,9.95971777720092,12.003125979702324,19.427116030775494,22.80529356028964,24.940773952586724
361,16.12586542403872,19.409346709666085,20.47370316639146,16.720064211481596,14.689641379149384,15.962937666905166,17.15058096626605,18.19697734803601,18.7014674619303,18.326965246155584,16.23227789931726,12.132278427655525,12.491115430735281,14.746119032881255,17.293204589164706,20.51644394015181
362,25.159005048315297,26.792538490921302,26.841581651881114,24.07574490434556,20.67978271539006,17.278229541004062,17.166313622645962,25.593665989731555,26.730586348299024,20.501191014514312,18.88183267018621,18.743655950719518,20.219838462835593,22.181513638419958,23.51186853578959,24.415459178551956
363,36.10545269341854,29.094980532268853,25.456985386875257,28.34956151855874,28.760282249723623,21.884094962718564,19.32286880216501,21.049447777501662,23.735897705330174,27.278942615200148,25.900649901651278,17.5523623870804,18.654801112192004,22.709506418646324,23.547014396974102,22.91149097344376
364,28.036696122574465,22.928742004890697,20.393171433132093,21.15378629667076,22.035664381700393,23.028202430449863,23.095289191842138,21.09572456987184,19.915554480770137,19.32593856938147,18.34646070943073,17.132012982873032,17.431044352130314,18.676113180805995,19.600652055995493,20.50788933275714
365,27.542448558258847,23.508616711173147,21.846215548023405,25.46898661713848,27.15929366800792,20.865023936682785,18.881548278242892,27.862715185239367,27.538940912688506,14.41026411371633,14.568624460434927,21.744227357166622,21.036674496719936,18.666795526038012,21.574109219412932,29.032015745708897
366,20.597315138396457,20.110163298163577,20.301622573948013,22.33028043673603,23.35143359752787,22.210176535877622,20.647460896149205,18.742876287948484,18.573862644461396,22.37494426432041,21.442881278686958,16.338468027856905,14.741033611250618,14.864875165594428,17.41521188550515,22.574592781564153
367,21.250724158184365,19.289104224276517,18.963204500175586,22.76129854438567,24.821758251271007,18.761066373345415,16.844193011963615,22.16125324288509,25.330000992105006,26.424448607288035,22.630519556627036,14.629615894047367,16.03710936707989,21.044612306402016,22.37535344212186,22.105120716479362
368,20.12623593257514,25.371444648842793,27.526573792827737,24.011287359800917,21.906999844342312,22.54023092158106,24.335327998456393,27.172146377619782,31.23667220524291,37.11914679448799,34.60539531609191,20.057766274952783,20.49538077834648,24.233917211833784,24.025863214870856,22.113365789219728
369,18.909593237424392,22.15544863718558,24.730557215145332,26.639541996882706,27.07511808810628,26.101117398580797,25.051500619203814,23.989905958172514,22.777029862216583,21.39805894104374,18.832629727842225,14.786526052173357,17.428386879118435,26.428782762536173,28.008298554488665,24.14720373100173
370,19.11992976568761,22.247870756317532,25.523047750219057,29.42984060720914,30.82775995662159,25.556966117662213,23.295348336940446,24.66357647620986,25.18024159236956,24.945725912641077,22.197552156884743,15.986428580450017,17.693206223771366,23.753028351661932,24.64569618155988,22.357348706134697
371,23.97338912257538,21.973737622981158,20.748629719975103,21.907069823434014,21.988763685166134,14.614272772505114,12.385950274341058,21.892457090312526,25.26386356514629,24.11933736955357,19.785985120295912,13.579970712626242,14.857430578072831,19.90719983662214,20.118413880826427,17.46829258041266
372,30.777842712886105,20.588634219824296,16.211404731300146,21.13168457684679,25.145464472393087,27.06282724681124,28.304067689073644,29.172513330133643,27.766935075074986,23.017164275923015,19.41932637871336,17.459996633422655,21.813633580225222,30.845018546656952,33.67509578358513,31.956125792570855
373,21.60377399148624,25.382596437946127,26.51845925433069,22.588912689266014,19.088630426731168,17.40946781052899,18.14182296865668,22.251061603147207,22.212860296083363,15.69568280002151,16.674540860281066,22.88943775381373,25.01864749933534,25.87665700566201,24.310107226243495,20.690280328866702
374,20.417140672962397,22.550956949222698,23.28882985782991,21.421392950058298,19.79047389846266,19.374002833594382,20.554247550088515,24.795855521141696,25.081247863371892,20.290157464588958,18.60993857586081,18.61497046999803,15.011585582314064,9.278076355689764,10.699615859016161,20.848215685134072
375,17.974590421555853,19.95008367002203,21.441279766484477,22.3401907567413,22.244803704476272,20.33774612314152,19.82558104311267,21.52052075280268,22.874794699894906,23.666189545049292,21.974466234588068,17.420592411256685,17.543344613466516,19.55668953376529,22.163218922952517,25.643897117030455
376,14.826162082320185,16.08474653178837,18.062618220637102,21.78982780825075,23.884879984153912,20.733835707700383,19.72402956342959,22.07906758180666,22.160528350058026,20.86634253058197,19.444596060050394,17.809508611041476,15.80940742184627,13.715530148073587,14.621304785855482,19.977383181554003
377,15.320673526407656,14.674523194379974,14.78227243302299,16.822581950601982,17.941540724613972,16.83594815674598,15.998458708621635,15.764144420710743,14.73132138034865,12.64312232648322,10.720071564332978,9.116139967944935,9.94909964307534,11.938535173038385,13.064939355988704,13.862741759042859
378,21.554231691824015,20.919269683413148,20.375297124749075,20.29803314045298,19.807352971784837,16.654239407214547,15.373820268567343,17.554589757248227,17.401707176542732,14.96933367564129,15.453520415484261,18.194392965213023,17.357595807490927,14.415911405034343,16.293745457589182,23.40362474044126
379,17.954044743732503,16.0353593895032,15.045695802707053,15.2781723742107,15.401857222895183,15.289851367349035,15.370299947386107,16.300559275159088,16.04685495692034,13.229199521094442,11.879738688967675,11.439603327984003,12.622988648424244,14.489807005607178,15.175967959972919,14.958189055220867
380,18.391020336231275,20.40763404291879,21.26525093912375,20.158858085879682,19.33324121975284,19.24907377547782,19.933410626313485,22.053915703406712,22.072805970964723,19.04816737886527,17.25379992462498,16.446981107663188,18.34225718120971,21.923723141843237,22.001221202831974,18.643878104171097
381,24.345727009977885,29.233502149337117,30.92836188897758,27.843746946204533,23.534513457143536,17.603220156765758,15.77797795181598,20.51829447052374,25.153462071230177,29.173256069081276,25.81362301550483,13.95288349442852,14.278967686777587,17.19837824767028,19.675370385540624,22.36176333061415
382,20.22829546633286,19.344433336812333,18.72152986818123,18.751667616201253,18.493263177590247,16.63297813958413,16.19886682881438,19.8640388455701,20.597194850017218,19.32434543897323,18.159695108465666,16.902549549120874,15.282040921142382,13.49266681572047,15.059380617002871,22.096992978031714
383,16.989104268630804,21.988920975309032,23.549546405364136,19.34044571501877,14.40995861909366,9.399498299167593,8.586243296224088,14.35946133229372,15.59332025550239,13.88560633307979,13.874323213268186,14.5493956831302,16.24802310806804,18.532840263695267,19.5174075743691,19.318770322798535
384,24.26107869302505,21.759798487842826,27.456517984878488,56.50821801997387,73.51759503685385,29.43923903630253,15.720838948116931,60.54890675764527,77.5229706552378,74.1885046332,51.143808888898825,15.750551139636244,3.864088252089237,2.2124264513973046,12.732735453545201,33.93115814178586
385,35.8979069621675,28.63499985428019,23.380215145651995,20.65869439835356,18.698803554840797,16.832201090221837,17.133347909449,21.583220860659683,21.99875568422714,18.84471481325161,15.830693456013144,12.822268883551029,11.99232686467938,12.968981730599676,15.850001407649822,21.159242086196077
386,52.26118328581257,41.45945650111091,32.97463755005524,26.947536838648666,26.669285229254662,34.93276062326623,40.8136717828543,41.97056147101201,35.915528396789306,20.988127742329915,19.77426600798545,25.21928415609044,21.950308548548865,15.774868614212199,19.09943051061297,33.669309470423016
387,29.009670560858,25.938658379427025,24.015340926396302,24.118737475404323,23.56850679948834,20.89552592601248,20.148124816298022,23.892740856067945,24.22460680425018,21.85554171859208,19.244316197877552,16.292706371064995,13.49384902274917,11.474202431290667,13.858145118836585,22.58931322890635
388,25.251846754312613,21.807786208345277,19.482480658126065,19.504875339887924,18.528180568246118,13.778741216899306,12.232379133730658,16.76724866950432,17.287894239010235,15.159689442712558,12.709349735728969,10.086117501672808,10.930134829082274,13.922980130527627,15.9528733243191,17.710984786739246
389,21.996491161842137,20.48198286458201,19.886992571557094,21.255304431826954,21.916657641061466,20.026293864857394,19.514103005777482,22.188974158050268,22.31055696465925,19.501404468745744,15.34647783015756,10.224509351631873,10.063862758546152,11.622294209390974,13.468480579770413,15.854330776326048
390,17.633576122736237,18.788005298188875,21.025509773089226,26.044080094521178,28.914642032755864,20.921002678299235,18.189570341262733,24.418478116099973,29.12845542980797,32.008918763312955,27.16589607183482,14.344009761040645,7.823027365350496,5.246036819322516,10.976411464208033,26.082812427495266
391,21.507341638434614,21.273922642572924,20.66744017595513,19.077453889645867,17.947512861071772,17.65997525040761,17.712077145783613,17.9699144356818,18.066860197186482,17.719515042707876,16.54493000943237,14.018557037639596,15.225004659613933,19.22393330567614,20.14681101258757,18.999517626826936
392,18.939106679554676,20.378439120960387,20.91987131447465,19.917000836587583,18.960465850181247,18.46411349922415,18.95268195200808,21.553698455141543,21.805041692145373,19.71681769837317,18.06437071219758,16.59521380101711,16.275295294564962,17.332004240206068,20.42056183906927,26.63225823827141
393,38.60013492993735,36.0128269057952,32.9316473058355,28.96675817414437,25.34407696784951,22.503641686730496,22.375876961048494,25.45716152997726,25.265040634940814,20.92157121661073,21.779543815956984,26.58665730771464,25.75439444406851,23.37367911977255,22.996023055768685,23.628274929613582
394,24.445328686782975,20.78963893547807,19.164176634975345,21.738034198489345,22.730395345087828,18.363648474476733,17.10313674149237,21.490031073161962,22.515869932126748,21.384732052235826,19.38248348901659,16.77993884390261,15.601255828408604,16.58932800271424,20.77144322701087,29.85312769287091
395,20.11900961171207,19.76299234795788,20.357164250150277,23.674582973326856,25.52640361478901,20.813615250844208,18.560848443572844,21.2036299387735,20.058963062098112,14.697547539401855,14.664065879423228,17.69238832295897,16.42799168565967,13.38783175790088,15.543746811360162,23.692841135834424
396,35.49128639112484,41.01619160457302,41.192596468449416,28.37213514293052,21.02202318136572,27.70410286221332,29.77118379795011,26.360817687728268,26.654627184982076,30.98170437007799,28.332384790511693,17.984397930605226,16.85627684920334,20.99192116655282,29.083417297313115,42.14190699801032
397,25.156925391422597,27.48870554595872,29.880959716136854,32.40785034915822,32.62029954560612,22.535607181661728,18.248412497729724,22.88748001901837,22.976175431260764,20.179711258768013,18.769652083098492,17.86750246810908,18.858649881941588,20.551147868473173,21.142933609102332,20.945721351596386
398,14.726685482141415,18.48743120836251,19.142494321048336,12.701767218317574,8.862878808769432,9.974609033884782,12.220841019541087,15.611992963643296,16.01442765751922,12.998919944859454,11.51519391383053,10.520700142119217,9.861422077756938,9.583782417902082,11.484820075524391,16.76469619379298
399,14.072561255763322,16.380405018426604,16.898028409588232,13.051059610058857,11.010473976046464,16.098395395348184,17.803926204325595,14.74075974932151,13.387486482215765,12.81452471048835,11.98265987431167,11.00004686095235,11.459586722066959,13.214827035295624,14.720917800533497,16.374700892499146
400,21.004864335633204,26.64277443034493,30.296861165187053,31.263045686319597,29.782462667348923,24.44126102350509,22.0512490144141,24.671892381403424,23.401538164331136,18.098276700959154,16.798531148162947,17.557127156227672,20.096597881200513,23.431650929680963,23.55360517717931,19.923667144245908
401,8.194063437215375,9.309317896518406,9.81832696966609,9.389072859281551,9.028097794503381,8.960643197991303,9.411098021187136,11.397105963742515,11.397597925438,8.268246491197612,7.562121075517733,7.744547078476109,8.467183369918523,9.363532603991153,9.302547895180806,8.06641844302658
402,6.014051599425978,7.097087561512508,9.643324798074966,16.449012842633923,20.214178436980337,10.528373771886113,6.211977442905026,8.915743562753772,8.822482585703563,7.219115951769859,5.654359190165669,4.066110605338298,3.9516842723545227,5.643415179918896,9.015128921174405,15.047841820008143
403,13.614807672449299,11.392059053928197,10.240618405682076,10.495273140922356,11.141930351136624,12.295969145421347,12.639094039161115,10.714630190400845,10.492175808001647,12.523783397751634,11.925864428297615,9.328285602345865,9.069159198802106,10.373244606267646,13.096709220080022,17.71783202048946
404,18.155170355007623,16.611630780486756,15.947257969106069,17.84032588304522,18.701216478084497,13.068418489440479,10.771430807072715,13.857506741073436,13.904676091661193,11.914251128945118,11.05796731526615,10.548395047637237,10.954838945144472,11.604746051037306,11.65101734214721,11.175285921090236
405,13.641845693210005,14.065399179568372,13.830038150530596,12.417664816069767,10.604744852612459,8.531072396435102,8.065196217361269,11.210545989187633,11.651761968485486,9.621356487595186,9.26730052510399,9.306146898424203,9.180683450980814,9.003915292486171,9.510307465274076,11.177689722016721
406,14.651323640266895,12.794016431230865,12.050010507832322,13.377418342535513,14.330336072248475,13.35640250417177,13.780873803776881,18.469093576133876,18.923023761309356,14.459755722529438,13.74742209638391,13.956387022985878,13.827488325234935,13.628088050959352,14.324413815541915,16.486684562734204
407,9.579302444018534,5.954230157340333,13.108950845238384,50.180192066660226,72.63139707147006,29.929682600527755,19.005194354683972,76.19379494521957,77.62282666711616,19.96601819867901,11.25507350265329,14.329187775243927,14.343100333978011,14.166887968091283,14.99000470214134,16.50448456819175
408,9.15364850198861,12.627290061952994,14.875607531387134,14.26126559256009,15.094569676125786,19.66982870676561,25.324478509446173,31.978844207820924,31.275681001480645,17.430776010325825,13.396644860080416,12.158954239407862,11.53760226132069,11.099310724873016,12.315549569192465,15.565991699006233
409,10.90524658279109,10.867233092049915,11.217248858238529,12.42469735869817,13.735817154726565,13.130197347913066,14.822399994240358,27.69245214877133,28.928909722084725,15.137275174810444,12.292891124220953,12.615860407640413,14.459257895572504,16.689868512325674,16.036139375016017,11.632334373493443
410,10.548277658124617,11.648282955374642,11.928423291058863,10.870976251009308,9.47134256960815,7.76214843854436,7.355457271627752,10.396216994393265,10.969709052562571,9.651941730446733,8.709264577618914,7.842462380572501,7.318396245469408,7.104792364356525,7.8499279460816265,9.842015537627137
411,10.976732633101978,11.587665322386837,12.071071946876984,12.31915254528898,11.999225103270563,10.245676262107136,8.944103735424497,8.381018682249525,8.866497568577543,10.232937218071376,10.238210556135375,9.57794062583824,9.400949926023968,9.40368388589186,9.851739402643902,10.804888234982126
412,9.665107795600319,8.652728170028004,8.977418749271093,12.653062101701792,15.260563067532853,10.81344146955189,10.438598361594838,21.254840112298126,23.34175485413338,17.629507523472327,18.240564954820222,22.291057054156973,17.589989878207984,7.396509644672209,4.9450634512265665,8.582515455742858
413,11.548847705646118,11.704933295230651,11.488245096806697,10.425935514051446,9.435375224883167,9.153322328755118,9.791991462591977,12.082427902788249,12.194984513630528,9.899067035565903,7.813247942866381,5.865462078740616,5.668000761464017,6.509263047064827,8.133696978499998,10.705362710495638
414,12.153297459436398,12.830383845250974,12.592736746015284,9.963696667165964,8.503316013268151,10.088867250955063,11.017866913111446,11.131712981707587,11.651672887811554,12.690681662557864,12.087544244317895,8.976655561185389,6.927024624932062,5.804157345607426,8.047961937795103,14.98102026958714
415,9.816532209444068,8.57765160259846,10.695476910608976,22.306972941395014,28.731891611120275,16.275013704442642,10.755420015509143,12.913055878310761,12.785911256792794,11.2260668845763,12.528636231340181,16.688981677926655,14.827427881537856,9.352519443896512,8.03985045669481,9.508975523590875
416,13.715124154321051,14.564932226788217,15.029718945330414,14.763853610328914,13.815028643864713,11.281333895798536,10.334294823607737,12.51072083934782,12.42539742871169,10.288253986437521,9.73574674487381,9.538906955856925,9.265142806359007,8.957923360203703,9.807509615023278,12.742929523106948
417,15.51127360103053,14.496538192623275,13.51168064481854,12.559624512237116,11.819697040822687,11.398596118559341,11.79595931972129,13.91650839966665,13.894799612108336,10.846867611675247,9.76538275206861,9.24640695906319,8.609099576120716,7.935306212635037,8.60370858686143,11.391411139061104
418,11.146418016163699,11.141617795223715,11.410107978343676,12.330651344346554,13.162070503939303,13.494516715887155,13.178984387815339,12.129748567254572,11.465674679677905,11.078262590782076,11.124096961979406,11.536777428381347,10.762411923988155,8.664754616475715,9.808473630761076,14.940880981611826
419,11.095309580783033,13.568189922243926,15.062302858585292,15.38295894018079,15.260838250931798,14.722714825951456,13.659910410919528,11.261448568435547,11.104145190890515,14.052579734954206,16.14982784660966,17.565470812284275,15.922077517783082,12.399352910465018,11.859457185884335,13.807051555467059
420,11.52890849481837,11.914639769324404,12.23471598193774,12.392042988009601,12.275214181072743,10.931889092647832,10.70644436080342,14.551510889469643,15.501195337474002,13.830201958585807,11.115034095272437,7.672655165731291,6.65975089260392,7.434341297460573,9.686094455481797,13.691502290863394
421,12.038206167844692,12.045831246092167,12.246164561243608,13.106314434978882,13.55670996436701,11.246814287097216,10.104161942376315,11.200005763751488,10.76340935909386,8.954370554243933,7.759781076094079,7.0361995532284185,7.956740299246713,9.679582986866379,10.837164475057294,11.714191363269915
422,14.984412445360425,14.47323606709332,13.515319983932255,11.528787128180436,10.223179136453847,10.577386048029442,10.420907979754821,9.13924759399964,9.447796098590231,13.128642905131715,12.858732790966087,9.829873228263306,8.862586827113136,9.060534313073886,11.585833473168375,17.04729826705499
423,13.36496573550419,13.182628371272516,12.812606073290716,11.927678188184217,11.454391263043913,12.222038065079644,13.427202492398226,15.090116534741112,14.915614323693646,10.770838590363867,10.125346547994177,10.48230026933621,10.53493064693164,10.556840928304728,11.511683488719495,13.927907541706327
424,17.53860282337541,18.772793657489142,19.33658044388272,18.48023999885376,16.32637774665825,10.85974424029779,8.97074748438861,12.75735390333061,14.54571452022445,15.169112174273588,14.47588977643057,13.029344678353295,10.662667662988,7.585152891510846,8.566747494769974,15.133490095767009
425,13.647238022694449,13.030852082467817,12.899528051169012,13.909938874720781,14.590063984784134,12.990146070238584,12.773214196967595,16.020259558241534,18.750831145928256,20.290807443929246,17.380172593843586,9.461727606195238,11.00577430731836,16.40867275017715,17.14151744395247,15.323224795419057
426,15.984611461658972,14.25208387405962,13.151457134637745,13.064772357359896,14.062826829530232,17.28848305027876,18.45551245048175,17.53488046679913,16.87298189525706,16.394072440251055,15.254775645850499,13.425597175505676,14.36241526676069,17.677639540012485,17.954601003294776,15.841407318797021
427,20.106809589292464,16.304348484995234,14.820126499554151,17.860502444899513,19.48408147257096,18.270754091821637,17.833204106566004,18.028793703634538,18.37050897454813,18.93302174843864,17.280527515710435,10.875280215363672,12.065254491202946,16.687967518853487,16.537077868278118,13.237885917533584
428,13.852958107525296,10.642143531851893,9.17765074802534,10.061505656219463,11.206536189199637,12.568261926739934,13.282700353547035,12.391492607670289,12.782708987283694,15.686123310804263,14.081044198790995,7.071013344215185,7.426208423238977,9.522420508981499,11.617114747876034,14.079220523105032
429,16.340495134035415,12.993163591800483,11.76965414801415,14.826700749380635,16.597224113327453,15.846705535917025,14.305547854065663,11.903528609772897,11.285844674678573,13.72876749688675,12.303477665441555,7.623023669914418,8.360246358748137,10.840586892803968,12.185339867999867,13.204976150016034
430,16.124543830901565,15.621873153263168,15.22960802772015,15.093305907472654,14.8252423214122,14.032985275087682,13.715411116699881,14.970777650913696,14.79175040871478,12.779185254203151,10.513963436756326,8.180800532036804,8.669912860078806,10.524421980968645,11.549433464289889,12.345608007854498
431,17.51932552787078,14.215804541691343,12.08727130826858,11.431596131781287,11.835704025780723,13.838017934676586,14.242334552670776,11.13330420662523,10.277665326643367,10.658438678709395,10.672571193781287,10.548813505715497,11.326674583914881,13.217302424879168,15.290966045601287,17.87924396645308
432,10.712096218143786,12.842392717342465,13.651633437709394,11.948180934415479,10.73294352312144,10.982556344852881,12.456385622473379,15.95674874106333,16.625765276279868,14.34263076802651,10.892734967478274,6.670101889036565,6.347441970397395,7.654955974872332,9.456456023999392,11.93001344123103
433,12.334703010517394,12.070067342537689,12.787282503862782,16.354513521561085,18.285946863391004,13.743556649627113,11.624863071155374,11.83823642246271,12.084594691232155,12.36981628362033,11.576629251100952,8.547475302689563,8.8842688650655,10.342544680150278,10.745475785175953,10.731622306515165
434,13.128776102769212,14.267173100353716,14.621157944463503,13.625783743659296,12.515289615867424,11.481090265672123,11.395439416686619,12.69542507925384,13.479014249704182,13.528616531748845,12.16891363847899,9.407313696438194,9.944238467652923,11.86940138903525,12.455065572993883,12.470800933168231
435,14.246236755791852,14.535758578566075,14.68654625174261,14.465973068970184,13.823056113411534,11.669827217356598,11.02902903616069,14.241288888117616,15.828834839680626,15.569610029976864,13.075684030280627,8.776775695025343,9.901567716070922,13.720287399329276,15.09900377919939,15.452584088645349
436,14.01400830903944,17.078186225312265,17.95441182609109,13.925338844402457,11.670161895964485,13.995227416156933,14.629576502722752,13.358905084712859,12.976874044422473,13.007512931646309,13.415868619751002,14.010450230876467,13.904154539653195,13.514540979164922,13.262850603493165,13.045222300294265
437,15.891142297323643,20.026926529221683,21.678160978320644,18.58801905505414,16.934743590807614,17.89704278315003,18.490212938312723,18.79258879216852,18.953470021208485,18.865377500856496,17.46564983171346,13.854349617363436,13.844269251479574,14.573398106822003,15.33069170067838,16.240823530308923
438,16.011152248562308,12.276746754429569,10.652071371421535,12.616657688078254,13.879896216021326,13.278147649931222,13.824326718714726,16.47764686925227,17.017859183397388,15.87637520212169,14.14860055803454,12.018627345645575,12.885481189856325,16.497427068775753,15.826705559394924,11.217668299118362
439,15.310577564574473,14.178466974315056,13.732949046925388,14.487868807986342,15.121714320890383,15.287180786557972,14.85607234827682,13.213550802637153,13.171387232318422,15.95586238008515,15.416023874616961,12.263259492032269,12.70635418878459,14.097829769150668,15.246877953846644,16.42725074179176
440,16.57153533109648,16.13502806743472,15.278259173081583,13.354758120282357,12.212089004574311,14.038964454548431,14.710997491151398,12.562731423701301,13.017051166130331,17.455029535486176,18.191648476283028,15.76848104053061,19.5576837033717,27.246695632616188,27.26077601873854,19.62829941160522
441,15.824855025872825,17.101047252763824,17.854827392358107,17.780859054289827,17.925155939311125,18.56756131698758,19.086386210445205,19.15218236168994,18.310462347908842,16.02762728407642,14.578544402143251,13.719607464634118,14.365142481083714,16.00821022314883,18.36554939820117,21.783963032752467
442,12.931905950318315,13.695898547559601,13.824721888276573,12.234023977070258,11.4340889096964,14.344587520166431,15.63086981532816,14.776681298160005,14.856384883647713,15.925327867683466,14.77998333980999,10.648276827269612,10.554419016129168,11.891422509808704,13.76460927235896,16.316615951524064
443,13.152930201630747,15.244295814375754,16.28267157818575,15.838196804569092,14.809724244715648,13.088710337344647,11.856606111152653,11.572071924179175,12.715680841974843,15.441044239851545,15.721925223987208,15.210208781999224,14.85023642256362,14.54396374728238,15.117488369162277,17.01820768605983
444,16.226562841388738,13.63514490246089,12.503191605515262,15.058752839852419,16.072235634432054,10.092702713962296,7.642516193879817,9.612443021068431,9.862663732885753,9.24847161519722,8.417693489408936,7.428256933230478,7.136681364378059,7.654564415975014,8.830048351992016,10.956489183551982
445,12.089163903680355,28.016633136239616,34.17619629053668,22.856790269685874,14.601562044973353,12.089666495940515,11.624888014664554,12.18530729689334,13.557911296803756,15.836649237130409,15.236334366249107,11.124952992970705,11.86110526174083,14.45041425770329,13.750302768977303,10.577067394699506
446,14.144674990823074,13.552275579245954,13.084746107771531,12.761849200680281,12.653885582511652,12.847329871878188,13.352394407211097,14.36085386030523,15.328197970947478,16.061975884774846,15.272066915153763,12.705734921185181,13.19018862382664,14.973843042999263,14.59054440898806,12.619749777222443
447,24.995267087246066,21.806719511870394,17.961362862830864,12.2930984338904,9.44146148265498,12.483076515294474,14.389720394299497,14.6860631001416,15.55705595647364,16.987920562716067,16.758991654459003,14.624205412032774,15.264594267276136,17.373549649663705,16.442104149309472,12.50010529816304
448,22.38363571259529,20.836578828311488,18.34084530110013,13.336420398453559,11.04529282281562,15.441956196191061,21.474444184597033,28.513198208168465,28.822343613560022,15.184166542847215,16.65380175407873,29.024203324681142,26.00076073124037,18.470014383993494,17.094950607464867,19.153362710800682
449,16.3368236406355,17.262016086192038,16.948157875210452,13.487969863212424,11.465923028765982,12.732508709330242,13.187312206731681,12.48132768800609,12.962993771137318,15.380188282319134,14.556662553147124,10.246828625483902,11.420584713873952,14.88103935664751,17.691987783641792,20.524174317704755
450,14.95867871599116,19.546847147056564,21.1906097875692,16.74684442043961,14.328768526566279,16.298405991245826,16.97703891477807,16.196809384793486,16.612310651076623,18.450863397514293,17.734922113134232,14.216206424539553,14.978087851460211,17.49805172050894,17.29563868329388,15.18755256092319
451,12.999529566248,14.916149759285041,15.376218130894966,12.569510371916529,10.89340377515536,11.568104766139868,12.918115612249215,14.799794568270718,16.44089729387599,17.376636765063246,15.546780309212746,10.693944356730405,10.101687984602902,11.30316111680431,13.667292015657114,17.293416015957764
452,27.819736452210027,20.757555817767418,16.501998268812518,15.621243275434848,14.856254838880094,13.875952372865184,13.507428107016976,14.560700499752443,16.60633377410649,20.172009871099544,19.358892196958625,12.963640692891364,10.808357312408448,12.859984907135733,22.211412303063245,42.693423410685
453,13.971713507646593,14.489888096618223,15.062583588777605,15.80797728770828,16.077673152957207,14.998420070795127,13.976953940993099,13.364712899520926,13.522139004806716,15.122098041151382,13.826356752310769,8.673318257142379,8.86919902055216,10.29487427068728,10.72479274419688,10.845617890999577
454,14.35202490812804,16.09823663509553,16.438278243110933,13.643451075804505,11.933006749040205,12.305065750116983,12.220079152486004,11.643262649528745,11.32014218645801,11.588017454479155,12.967490366217403,15.84996918255753,15.12186041471949,12.399931410028714,12.304865454241407,13.970318814631394
455,16.29942858296794,17.126240251465244,17.40421439473586,16.632027785822345,15.14449064509961,12.16786670584198,11.243033677375333,14.939825594934947,16.690516501545403,16.44424865106568,13.689289882148726,9.03064796563844,9.226327675362413,11.298046980661201,13.766793460018853,16.94994027763102
456,14.257651863582215,14.719413720600553,15.503071795325114,17.12607203988936,17.85833522190425,16.006506172164542,13.532966354997837,10.721013924175686,10.400426783742887,13.42421185351546,14.406736577279993,13.666655756431322,10.297952266847762,3.429063255330174,16.95893257899877,63.42118786350674
457,12.42324986551839,13.260097728143567,14.038765856078028,14.71918361588446,14.602275518536102,11.866080002341826,10.298636688057057,10.433288927046299,11.585803063747129,13.642072096485919,13.203883140659345,10.302218659033791,10.689704766645427,11.943851201571777,12.58485410720156,13.046051778587396
458,14.776129677534016,16.049374611839106,16.416896171992178,14.809614417805872,13.822424847265665,14.19230342481911,15.038670258946944,16.357736603908926,16.997179980562578,16.416615235451484,14.55352634538028,11.370637158598665,12.765472239507236,17.4437956715402,18.548474208510623,17.33866527200232
459,13.165137852786376,14.061289689226326,13.941895860770458,11.178643948699142,9.653084030880162,12.623969359141924,13.68756328128695,12.546516981810768,11.586208552600246,10.664677813538418,10.749437008654938,11.384033412302689,12.205039095807205,13.224684933198557,14.405449710020346,15.79710512274809
460,16.28957416317838,17.317771637048168,18.480724794499864,20.00882898114991,20.595260983925765,17.36608197770789,15.75444076853903,15.811868517937743,15.745991457200006,15.591252642047687,14.803874648763712,12.924992913042791,13.350650531484064,14.883353237815966,15.899035374046374,16.769005458635334
461,17.17356303150189,12.481917481097852,10.557288060438887,14.016628584838411,15.678533506050698,13.232367190035264,12.414682846131964,13.098361472611199,13.340665811083944,13.257887147768656,14.05741390606702,15.839459546584887,16.41821642732373,16.143732697730236,14.881760528174949,12.417425363565515
462,20.544252073233114,19.454840800469842,17.767951196277544,14.758617059153021,12.619896723463684,12.263002770742203,13.152286810576912,15.194661062047581,15.921369246791881,15.488535772819894,14.13329466524191,12.182001220455353,12.30099507634148,13.468789914933033,14.877113628795907,16.73026393414156
463,15.126261738407507,14.228205614263896,13.447718487227915,12.842656260488086,12.286296663588672,11.667033572245007,11.643796023300437,12.885091094481602,13.346693418502479,12.80529972676756,11.41157409856941,9.25161211195474,8.79937808390762,9.671345398671587,11.558978789062383,14.775795409204648
464,10.809605403065385,10.682797831016435,15.189282916127741,33.182465530629806,43.802877627693874,19.86580304982259,11.95480085961692,35.0797196897165,35.92202218094074,18.680464196414505,11.462761168297531,7.304328343449573,8.845455562157404,11.303341066267018,12.127515754258102,12.160029408785686
465,21.407471836082884,28.48342155301132,30.293726328935744,20.766643176838855,14.86410661930965,14.83806691295175,14.519830398444796,13.818968350363992,13.834735045018613,15.119034081093064,15.468203387448249,14.806800905679891,13.012707970064504,10.019032110596584,12.16864776366487,21.579157487066798
466,18.568784627770512,14.787415059530023,13.190864525835996,15.832126234115872,17.108676683399956,14.331302834241626,13.92071944672343,18.49501851471934,18.716952685412586,14.276405914969988,12.47216054353358,11.53490178656838,11.732580321775709,12.346285312035485,13.635271751898255,15.704517760556397
467,22.52430811082888,19.427006999959154,16.873604676615972,15.479945742480133,13.460187734316078,9.061524321350243,7.7139609273901195,13.600465510878891,14.660074349921537,12.381314221704846,10.315756927945595,8.22212687953219,7.5916711443585285,8.753312969865908,12.307324205761658,19.445974933078006
468,19.507923023021696,20.61592393328078,20.90870949169961,19.771754951495673,18.51192265716097,17.499841728064766,16.23416233458269,14.4587867077819,14.002984760037123,15.530960391977057,14.844062000632235,12.630695811992076,12.515057199965984,13.365704349135793,14.8246542787896,17.007273300882442
469,17.696813880510778,19.031960296818834,19.592497163506824,18.78172431609846,18.23840386590578,18.57336003001538,18.401145528572307,16.783756220845692,16.90343432608619,20.53476692414494,19.720831186441703,15.115292231282801,14.305583526835711,14.692153583651457,16.193615863240044,18.67843305106047
470,18.79185918273765,18.027009831602875,17.47994848781653,17.68308573713364,17.407434306159313,15.069586555727872,12.753964958196715,10.91576666495578,11.454000067957411,14.678672691882987,14.814606324712821,13.73300613688233,12.687117347715148,11.67108607474014,13.161607178282761,18.72691982431497
471,38.988857596190705,31.82562187689765,41.18862765675354,96.83665401721906,129.2472514268863,48.90159884643495,24.475819530860054,102.0451829954798,137.15021969397142,140.12714395485543,100.01872145284047,31.766255437911923,9.822556112653201,7.9267901701074495,30.00301649722612,73.65801703410372
472,10.66590821884572,10.57468380118195,10.657021153896022,11.245035253518656,11.584229063038526,10.512707844695937,10.11691112652381,11.337388520608982,11.246485932416894,9.86246654680364,8.087149308956457,5.9862378511514365,5.254118872983682,5.937956771439085,7.879751083690956,11.506241236823925
473,13.079438162471684,17.734388027310217,19.382012959402175,15.639496195680781,12.39410599959661,10.586618314022779,10.317509233672846,11.123529056221283,12.675011679941052,15.178366068381553,14.391710181993368,9.234785540803863,6.643078983097188,5.9929225324828,9.880700853677517,19.835404322128575
474,13.161720343025474,14.525190216581935,14.579173253499203,11.727980083927406,9.527191944955787,9.46133069255535,11.02661469640586,14.472626911192911,16.434915649315883,16.636122098342394,14.100629304373763,9.532729697585829,9.660336783749614,10.999928128204735,12.476075100953295,14.294264915365332
475,18.731847200029463,18.400110528045918,17.397642843592916,14.573814446136431,12.494433320540216,11.904416125872265,11.976515960238906,12.401965399900707,12.755148697032247,13.020485806789255,12.719017516965495,11.58670584139056,9.9750383130246,7.898731944531466,9.333754130543245,16.071579142825478
476,14.812464656170826,17.6529583044321,18.667621958583588,16.417365910795056,14.445924871129623,13.421651995481536,13.623401274389712,15.71109096418805,15.389856759902303,11.100767948765728,10.508590574798877,11.380624073170729,10.556146677327186,9.22510551471373,9.866303879041295,12.902497685496805
477,23.31389708574636,22.809714291154975,21.087530151244707,16.06903556675697,12.426422904132933,11.774843049622547,10.750279344013942,8.836415524186087,9.396234286610836,16.458764243569565,16.28757377579828,11.313648558060065,12.785282634521957,16.036605977819505,16.114172144288304,13.995814312375996
478,23.592582712212913,26.769913220172835,26.63932341558338,17.92736262234793,12.942894744597174,25.668475568649264,29.13914011851504,13.977040989225713,10.277207410426321,12.392994427619954,14.413672924529182,16.514302570059293,16.437530467049605,15.91179247640127,15.507280230489444,15.092228193513625
479,14.293048569164858,21.948160671175042,24.80821667798002,19.409988493612065,14.559705515398797,11.533943780707586,10.939911707294229,12.134909208262059,14.558533372018616,18.496269448088352,17.068644449083337,8.980886683005977,8.814872263685904,9.938006101081271,10.603897968312308,11.186026339514473
480,9.138598750610313,11.967702925232107,13.754155020576315,14.189544919463184,13.65832150832123,11.656584450969543,11.096866183743378,13.519424228757115,13.77723701523887,12.394379919114204,11.13871415201761,9.910677484548199,9.649610519529546,9.672483096963598,9.981491694018574,10.507171300295521
481,16.02729905480325,17.83479107030651,18.51687084689571,16.913422560175523,16.060616751668775,17.05576230678248,17.224004930531006,16.367366844751018,16.02552029052194,16.46035932187619,15.262125568011236,12.135997021383567,12.710945060666873,14.757355806242966,16.248795404533407,17.63875848329383
482,12.767922285516297,12.04302603750101,12.019946203358359,13.824190536758053,14.77003962510368,12.322842897537653,11.131741549399502,11.566299869821759,12.667838461437997,14.396632268777054,13.923563357470849,10.642468277271426,11.632147547668144,14.725553004998673,14.506257037961184,11.6454002828723
483,13.185572400093871,16.012227233636015,17.222192404915653,15.561828981033043,14.596926831154553,14.94390890815482,15.874918640070764,17.634000659610493,17.696217385416816,15.676435678139528,13.124382367579566,10.24323193694296,10.83668857397932,13.51469786377063,14.7425416156968,15.54486670320935
484,13.451864121832404,10.28927522129381,9.207625903070731,12.60683236262961,14.415575365445202,12.470537395820285,11.615861776621598,11.920624587499173,11.562052415456588,10.749930040834013,9.943254613833506,9.142460506112998,6.3446776541133065,1.1668251668275813,3.432812846295765,15.345894537406217
485,29.500052237179272,26.83140808838816,23.666636323286966,19.4064864514585,16.25402438744585,14.728771564585944,15.220165180317133,17.15496030341691,19.05541809741267,20.785169988648295,19.610715728822708,15.197240206302041,15.034227005981828,17.146531419796265,20.634099974718094,25.905236439323705
486,20.186358634089064,18.044312587070767,15.874667526092065,13.396024136281573,12.376749469926844,13.592774874690768,13.8394203984499,12.824355664366351,12.616605447853237,13.660624030093496,12.540625181628691,8.727629758254686,7.072960867897414,7.378029461807643,11.130897129258559,19.66777342082073
487,14.717871168133275,14.81976431274935,14.723810562461178,14.090932771351877,13.742630307602905,14.04404892268472,14.320371021689766,14.515504032881461,14.504573050635313,13.976032788179404,12.771568681411196,10.587191472567486,9.47755786300609,9.481051384808213,11.384926886844058,15.849440440806271
488,15.988136960785699,14.03625494949358,13.185532964983805,13.85083065672133,14.798865344623536,15.88936497694868,17.361542788332564,19.65109463182892,19.623467667674426,15.203544959412184,13.169127006635645,12.070511925137522,11.704688212612659,11.75031648273258,13.227565599407399,16.57220432138791
489,15.675825166027357,16.075924696025726,16.45331819345312,16.75937248415109,16.652628105439685,14.68851714146755,13.978087373879632,15.944118964111183,16.32684736570667,15.529915158875717,14.147741775265287,12.366665537803271,11.971155780669838,12.430516501318134,13.455827848709848,15.135694275161548
490,20.899451188415988,19.056646385346358,17.47067571154171,16.29856110352743,15.029396697156718,13.421251656910199,11.943128165962811,10.980613484218665,11.955055248483049,16.190741785985985,15.214497780744974,9.563168312319165,9.263675862232539,10.2086280599002,11.6905016197904,13.701440156144312
491,17.00638324290685,20.136229407574064,20.199792408290875,12.489853153607495,8.288820177079678,16.13767900334929,19.137828449276235,16.539027104616324,15.635279512993579,15.584475329731568,14.465105454531543,12.73643270428133,12.846397013164037,13.459528796784863,13.976896539444015,14.54392152857043
492,17.162522607742282,17.754328742764024,17.747419660768603,16.062828352598082,15.110685855388011,18.471645273634877,19.556003618090532,15.541774340893788,14.815393286299742,17.221915015942574,15.963459021002206,12.411707833833539,11.367103384708342,11.659747233225422,13.695604936763884,17.644096160589257
493,9.511300765766276,11.780924025079733,14.379329159624806,17.183277780361937,21.01704125722315,28.10076092513006,31.703377717412913,29.46833362252378,23.591540879996657,14.309807177576584,12.45914137853209,12.3186488587917,11.691597318704375,10.861775857567885,9.760495566250869,8.332742879513772
494,37.56177009745453,32.813815649328085,26.909906280771544,17.9477237823666,13.421167248762162,26.481351663586928,34.710378438209794,35.85411538291515,33.03388319080452,27.91795767261494,23.085584274792616,18.259323843093085,14.206975473805638,13.044336330538634,27.6345811975215,69.28864845584764
495,15.430842606425177,29.814943952058858,34.76001786151583,20.62512361172402,12.163433197527803,13.547958480800846,13.28512930107548,11.346915140876895,11.252087522262041,13.013846743118323,12.863585059033008,11.781678276861081,11.577816875173873,12.182181672196412,14.553429429463321,19.702958572829182
496,19.962890899696163,17.245691581614864,15.181912050577026,13.815183918006182,13.582770204914581,14.715172834572847,15.22416422606964,15.231313613280305,15.038829428639536,14.676443137353983,14.913965724537317,16.062315787257344,16.23819769290041,15.947895791495602,16.84802475029739,18.931537811585542
497,17.96526718625546,16.727322345279013,16.064764823118463,17.03347585409996,17.253153408567698,13.448310903681827,11.90411051058396,12.969023386095976,13.618137877292353,13.961405790172075,12.839929529571616,9.88308120034209,11.089716044604701,14.998138966019557,15.442719262505523,13.300713617377616
498,16.293725180505366,15.320328812911976,14.976463149615173,16.098682851280028,16.656077399363156,14.886194587445745,14.279014736656467,15.459189192493886,16.273715590635437,16.44884751836349,14.22923030264895,8.750426660271081,9.499786671756416,12.471834233409309,15.106401017306249,18.03837083655292
499,17.760607247947988,17.50284546440413,17.271637540965415,17.318573872871536,17.043671472581973,12.878440671031404,11.4249752624937,17.133093154370577,17.869234089780758,14.435515720990441,12.975785285303354,11.990934565478646,10.462999506714059,8.676382702545151,9.849891071738277,15.618414336572897
500,15.941710255456618,18.213407930094917,19.07757768149172,17.768316495396135,16.22616085906106,14.624415640628008,13.888248638055014,14.156042405889607,13.655051697464827,12.494423183497288,10.947698319100047,9.149034666215169,10.769119686999108,16.397351540055872,20.38714553029115,23.87630395494047
501,23.69314104419562,23.869634356709184,22.681082377308908,17.957353973506212,14.62801036932516,13.978833255631223,14.398190206169302,15.417880628120182,16.615396262508792,17.96650390961425,17.22586241402676,13.478534837563195,14.518770119174366,17.66792057841141,19.84807952320841,21.71761400568934
502,18.50180222294275,17.2948248060681,15.959746434384785,14.440115790949664,12.957210237573996,11.46795019444093,11.475961683987618,13.479163927188692,15.315690813960428,16.905372423506357,16.336748881115508,14.272841629050806,12.62753395427353,11.30975045019496,12.328710499333827,16.47118127108964
503,18.381860272111894,18.929125320086293,18.79980496089224,17.313164213079766,15.7485842932187,14.640492355465886,15.051688869785826,17.389959942744287,20.148161525071856,23.0728760791849,20.49137423236182,9.21415404591005,7.290123523817061,8.25044422159227,11.366592008261822,16.354147146691204
504,10.974193856011386,15.234924406633114,16.923650212096533,13.513335296169172,11.806769436001474,13.953298085025132,14.703886198011832,14.036609196922536,14.172728340018464,15.28341878280669,14.130379689284942,9.828816452348878,9.653309072549646,10.504773187141028,11.651599959588205,13.157307531458494
505,16.319139324907447,18.31862000366101,18.4032810982725,13.760745924500547,11.234446007386529,13.727529077471319,15.68983672623882,16.90617184276365,16.043925318285584,13.09634072545283,11.561179976309951,10.572145659809134,9.950947777512512,9.610857964059681,10.7539362559054,13.915919210288855
506,12.495383251950752,15.552357358573234,16.666099630262767,14.059471977033276,12.289834510324111,12.169912087051113,12.82289715631226,14.246469180857812,14.78978919734911,13.983550302307124,11.888532091371026,8.606279042305347,8.769017435062702,10.79041896503333,13.281098771729003,16.606220626598667
507,16.536332659007105,16.469807730681556,16.481770276307124,16.688381108293573,16.892781691151875,16.603728427847866,15.667871849589886,12.718291511730897,12.29407349574168,15.491708463200888,14.857293033622119,11.92408234699318,11.458305915955481,11.634903454161226,12.469447917369862,13.831864964019607
508,37.59015150489033,59.159023720339775,66.25259908938183,48.26155673385905,29.57087749887818,13.90058300992208,10.337806139033365,14.475824514213286,18.65346170920217,23.129227390942905,21.29513351269384,11.903623378096555,13.777397926223562,23.181855839133476,35.503538277257874,52.747846591060416
509,19.40248650651948,19.61009903067558,18.866400801178802,16.177200206700117,13.139486414819272,10.517830925488859,10.553471651628634,15.152212578059569,16.023714709161712,13.947079697774154,13.959784846553433,14.624275505307427,14.32482712675689,13.71551398511143,14.268210115889374,16.180086140956526
510,13.751155465673389,20.960397037019924,23.821338494115412,19.520280621212848,15.548764744146773,12.789991819551949,12.383155496971456,13.70141932729103,14.710836708071435,15.499143119900825,14.52829259188161,11.751682698664968,10.379167542314255,9.653303216511572,10.3489070075195,12.405930995530642
511,18.175578725972763,16.992797692908493,16.370792414821402,17.290441598370215,17.528834241438318,14.105665982980788,12.831778001390969,14.451083991462443,15.56564478280138,16.273388690178663,15.068551393417438,11.978281859555956,12.526198498652557,14.407174443566733,15.697338304646012,16.8370187140924
512,13.715046191637336,17.441117851222774,18.86237400870413,16.615074173730825,14.137805833067697,11.779894179858172,11.647710165455527,15.109420784622747,16.949831331905983,17.25453517197527,15.335515079453188,11.912826023293702,12.23859958042035,13.670026642221032,14.100169362930263,14.189685974096403
513,21.885429694671583,20.283261942960113,17.56750903754156,12.256566765264001,9.203309846794605,17.540390648951032,20.348517671996472,11.286421863072185,9.866503121526806,13.580435459953152,15.245393196247605,16.466882521302583,17.314196673575054,18.232654003337853,20.220417002368443,23.45777496306098
514,15.530161749033521,17.61839561529374,17.984369258604335,14.719178177898765,12.159867334585027,11.614410610077934,12.659096493988859,15.396166937553597,16.750095762385463,16.253432428405947,13.689416790656766,9.016637076890504,6.735633427937483,9.360424907501322,25.534168289719283,65.49071351201388
515,16.651478449238564,16.335602278833434,16.304258804593204,17.10511236526605,17.554562040505303,15.68967380950333,14.988098744686624,17.457923183972987,17.25481179303682,13.698751142894048,12.291950867053938,11.884327098124608,13.009235129763342,14.662983546509105,15.132784734850615,14.574382846740003
516,14.336281788335521,14.959687069873791,15.443127760396413,15.575564982811397,15.077882910316571,12.172358012805079,11.320225991084184,16.162921995200485,16.953415977926177,14.473757275202338,12.792072680704624,11.380254815202244,11.548311521914233,11.995539714022991,11.96129116331652,11.704461736151021
517,15.713630645788133,16.51301545667238,16.458273848025364,14.148787169904185,12.946972821060145,15.68899004774894,17.190729884133912,17.230406629361056,17.710646875431312,18.561415680465842,18.824088971802155,18.09584336980515,16.219236732130977,13.282475588334416,13.112390707170817,16.005908299992022
518,11.632095463504681,14.870968882863956,17.323873158319635,18.866368263540792,19.419964671792453,18.72284853690227,19.003113177547633,21.403227607599703,21.402571445439023,18.59352486126519,16.09087247530592,13.780315703708109,13.15656909692366,13.264660540160289,14.247892506375306,16.041400798661
519,12.446692700602819,17.11319301432612,19.34281557349055,18.054039772978907,17.067732900562095,16.860109260004577,16.207252629518457,14.574771311578747,14.562376457110695,19.020482273662658,16.9735942263707,7.515916543614145,6.789681645108351,9.418325247416306,13.98102345609827,20.691540008103335
520,19.94421136859943,19.626460972068635,19.339887604385876,19.18911438255545,18.928881775713677,17.93830779675267,17.693527107312367,20.599729783265662,20.53586173917488,16.672526669127745,12.727202864190055,8.932985244319006,9.961237019350444,13.18799985983518,14.90675999005199,16.166226821644564
521,14.573516626680647,14.045318426781058,12.80024272076667,9.082265969480053,7.183731067263057,21.370531669038055,26.870214685013142,14.41094038969563,12.898748296827963,19.58196255499128,18.896490708196254,15.252348432384302,15.871644525750048,20.303707269435456,30.565742005204815,50.13678980598989
522,15.9967697766704,13.719616418033041,12.907834120414211,15.729770120621398,17.096661761699046,11.899988138057179,9.954625168284673,11.995794106916156,13.837750532023332,15.644109781835446,15.168901529083936,13.249274743085124,11.197500114155051,9.060213791431133,9.675271469453072,14.216752813358868
523,14.091300404553332,13.096303302343633,12.739127366659307,13.774106654096176,14.434613433590888,12.838490571265966,12.660991138908495,16.476028584838797,17.573304958581943,17.185953563557355,17.430381632022296,17.934624700425683,17.255356797722914,15.407750247055956,13.878326310029484,12.325059748910139
524,14.85906109108089,15.668151924682975,15.394981847810646,12.401140677649975,10.60656718231334,11.1249186131553,12.151382319107777,13.556754779704189,14.560299274309386,14.997317971633334,14.161252239413946,12.312578429779828,11.358812574764753,11.22766188452429,12.832869632158728,16.772632280170626
525,15.47785611823402,16.71409556977814,16.94387545465293,15.273632200749113,13.511679007184405,12.43958900714715,12.99058000299693,17.41085473594521,17.34145434749767,9.975936078231486,10.004901540359489,13.952735995724467,13.332657115092236,11.919100609280536,12.158467160211952,13.38835960284147
526,18.041981620695474,17.77937340581921,17.064419010216735,15.520162996219984,13.53562535793581,11.194023233312945,10.59035910785797,13.373727615413877,13.803722691766117,12.610763452218594,11.49144524358962,10.344635160008872,9.940626605391529,10.2604874101061,11.524162922920612,14.052080551168581
527,14.997832910153027,17.116857968084574,18.035239615168184,16.74343285547709,16.154079621629457,16.81970814431281,17.496418885283425,18.159164530964706,18.37287515863702,17.339364054319226,14.582773094937385,9.464161414367936,8.883680000651767,10.539721628260484,13.335510157698154,17.50492857526761
528,24.02097687571467,17.720329070867145,14.927211962100964,17.969967516715357,19.838481559700583,19.77390021502736,19.189914533822762,18.226428573397822,17.032445541531132,15.572666837089319,14.72524453185031,14.323546032521119,14.663969186939042,15.539938683347485,17.044552686125304,19.47278569900811
529,16.74125164577979,18.688298503796293,18.648825684264136,13.761052990729226,10.978430933875444,12.620902704381077,13.631794549653874,13.9802854668232,13.261647918118395,11.488425159117444,10.359054844973551,9.861359784501232,11.06535700501827,13.253434925345635,14.93487085286783,16.347073158046832
530,15.074764818693385,18.520218421746243,19.43664544190376,14.790450776614497,12.050604489344408,13.341101258033575,13.397273534912555,11.967447761700026,12.03109755991616,13.826360629513816,13.670063472805001,12.316095903405685,10.522314158993611,8.398702915122644,9.95171883422824,17.22722305660452
531,17.884208971150603,12.370005134596449,9.839244935778817,12.583728482931622,13.783472280287205,10.804018516798829,10.495860580647127,15.95732618978834,16.498029078098607,12.52978073206551,9.936530808556963,7.819951279563837,7.051420477301227,7.2136467399293736,9.384842066251537,14.080151163196742
532,15.490372370540396,14.425320545140764,13.81799733865358,13.864580791347594,13.810049158265958,13.412055767811642,13.420678829639408,15.136077276502068,15.281954252313119,13.762151675457616,12.401518016970439,11.075621927104368,10.263857488620674,9.992527773633224,11.028241900369917,13.735661892663693
533,18.010528730800868,19.11950751210875,19.0683185969311,16.401052171507388,14.389503441436553,15.01267992063354,14.27409661921721,10.908397789232158,10.177885574635622,11.13169140003364,11.14810324894329,10.840433124410366,11.107079594445388,12.173739135532395,14.800769787704574,20.08906100364598
534,18.699748974304555,20.435241108717733,20.788295367351036,18.899431776949463,16.221209914603374,12.499456072606181,11.366212526817408,15.749402445683137,18.934333484864677,20.592549474120204,18.070298525985805,12.029409836433018,9.981913996569851,9.82000000184176,12.213073044262853,17.132134617341077
535,18.687486292808256,17.578184495847854,16.5676007406326,16.015408107058207,15.012073753324966,11.552961801695648,10.652011248803573,16.674615623169263,19.126293746486688,18.6800285328177,16.140591962493115,12.349684379737832,9.878820965911112,8.49846389141921,10.02581136254587,14.861979383934848
536,19.376453090205196,18.88469155619953,17.68833841669768,14.436873277752493,12.686760197602291,13.83477780506756,15.548569696360309,17.786830934099715,18.023594515244056,15.97868133708317,13.78657783568557,11.561684544489918,13.202894980497563,18.69913281118299,18.921299950417033,14.719338369968579
537,16.355617643787962,17.59878994477044,18.400157608886236,18.246866823336156,16.79094970635814,11.515898676710922,9.608217961465433,11.512057515310213,13.387190908943344,15.291853548962962,14.937935159638162,12.775110279003611,12.70159537930978,13.72692647322542,15.785453613141614,19.15003781557896
538,17.274935451269474,16.19308969184639,15.201002390220921,14.361862931702252,13.53193851649915,12.533335827499675,12.176613677210787,12.730361914864913,13.828626190323444,15.595468847447542,15.119144767223732,11.834200661781956,10.187492856838938,9.817559866764432,12.47498482528336,19.249221031104245
539,15.641140942507224,14.290906132898881,13.016873360269182,11.76518291388155,11.463354858101805,13.67841982849138,14.338447748283613,11.97727267415068,11.051759942327616,11.495812222337413,10.08894730203889,7.286803695239884,7.975429422873309,10.225535731559564,11.312659423941508,12.028035188181299
540,14.168247428127774,18.89050800175963,20.697237951317543,16.7869505690884,14.60355204715164,16.17324369968365,16.148396067568843,14.11754873598224,13.815100231033245,14.765731718825727,14.757717511960923,14.444829599412392,14.341656693507101,14.466348604484763,15.636571898900689,18.60330147090012
541,29.029789983849223,19.771486206235387,16.766118682633483,27.517214831221185,33.51192210470275,26.22617579923872,24.68824477319932,30.57728155584943,33.38172339133675,32.407271618412054,23.816261858563415,7.299187596628652,7.474782755329342,12.490232089064056,18.270765649951795,25.55279365609437
542,20.898893107769464,19.59576215754241,18.564161827213766,18.00571624047539,17.263118130140153,15.847710047194544,15.356430372669717,15.636575734200697,15.909256346072656,16.12933115143728,14.978907590447857,11.008948482751837,12.487464240524032,17.180734399140796,18.919998747504632,19.15958239439737
543,20.438308023341648,20.01859469868328,19.162439266747775,17.02480242424937,15.929977200315802,20.320721134203676,22.877710488196794,23.123449649624668,22.553418671369933,21.457511110794282,18.993214692095815,14.953735904078691,15.349831382451084,17.625414328405625,17.191116216963955,15.151792673507362
544,58.96823240968145,32.44571861554431,19.256052588580637,24.57134066493995,28.13494495257913,28.806482900857524,26.653448668895667,20.4666714507693,18.323399728247043,18.244501171806455,17.307617465902766,15.935477149141585,14.568129794714249,13.40692797456386,14.238391239763477,17.875325241191852
545,13.888614740264856,18.111094505126157,19.465007078639005,14.831186826319907,12.071521656505986,12.41783113546993,12.474636281460246,12.199612582116417,12.571135375352693,14.354907731385774,14.41228140317605,13.51129523893755,13.143552830193714,13.166222636727735,14.638190494095658,18.3373588353898
546,15.197962910272176,14.27264462406555,13.316745787234678,12.16784630339689,11.784125015039042,12.659350088022354,13.619952722123505,14.556075270183936,14.599472835810927,13.855202188850486,12.801754384225436,11.487046852227484,12.578208437064108,16.286326137094093,16.9435022799293,15.336996486606417
547,16.411948139854623,17.76447135548833,18.53600676497895,18.338424051855586,17.472255056047945,15.083685918563857,14.615144194286904,20.534190221037363,21.641046031471987,18.90601716996128,17.150137221862867,15.625028778390917,14.719020629893729,13.87081469507733,12.971109851017781,12.00136933944633
548,15.455807318636346,15.292226443175698,14.838449422591623,13.471593825329021,12.741903155704716,14.615800572282195,15.996228099889189,16.510822913532127,16.29532154170658,15.321814253256251,12.969762189037,8.964384174411745,9.891540763033468,13.341481033686705,14.883760911870711,15.807284643198422
549,11.589048066544663,12.105958429567474,12.892980291823582,14.182434529690125,15.388948589996064,16.108546082044594,15.740612439141099,13.951387819093757,12.884042629721556,12.789598500269562,11.03248012304121,7.716206437770184,8.81552049908465,12.632406389552022,13.277168751600872,11.917095194357293
550,11.23299500517598,13.526287628961668,14.904717801170632,15.052843463504301,14.557500222273164,12.924474798745967,12.701250660318575,16.905277253821794,18.575301640637782,17.907129076997315,15.4600452574892,11.85782929389129,12.668045043399202,15.660720939272782,16.441364097947258,16.19016277567828
551,16.123143765370873,14.18455081550459,13.846912293336247,17.245342238660395,19.30202435597997,16.782842383423827,16.541268536928513,20.520408082093855,20.793483300479497,17.425327347990056,16.44394756651682,16.08081209760173,15.33395939936643,14.427502095131148,15.3923088254808,19.361543236310503
552,15.717493249268063,16.49051085488706,16.89371468072156,16.575067880870186,15.549051674737507,12.871795604907463,11.776393101294198,11.930337415742757,12.228608003901359,12.638734078761674,12.023269273240881,9.37585397131534,8.850685354671512,9.33724973870613,10.671353544375181,12.93181482084778
553,12.020069332284516,13.545988018289606,13.525333640098953,9.721209957974784,7.524732541524421,9.395705854433789,9.978654698966361,8.868703344454133,9.195289197424055,11.332991933442365,10.557974747521271,6.9718922329660025,5.336947339805503,4.43915960612668,5.162355252754085,7.324877137792711
554,12.530712806678816,15.641810285332292,16.865572522050957,15.384808236122797,13.306341095922166,10.450728523908895,9.42113681734503,10.543343536748182,11.062000340749844,11.03097992275333,9.666428343958257,6.784306777253709,7.894857573192748,11.382126631828068,13.071247629029246,14.09033359302851
555,14.703767660909023,15.046306193898683,15.491659770435913,16.19965511712627,16.55706288964712,14.400320973497113,13.56293794285623,15.444031825519907,15.709956938987014,14.979061378603834,14.28124461136948,13.613728592604037,14.223050173549945,15.85685846711625,16.973986939018747,17.884402580048288
556,14.825601754888137,15.169867639271049,15.400935551733387,15.41638359999074,15.130999840183632,14.077349930217792,13.639092826312616,13.845026109198537,14.178405748344439,14.657834033208594,13.615335599103043,9.53027300931122,10.018795077432483,12.032471633119311,13.303301173543,14.387298310094888
557,8.259006984160317,8.065008139464464,8.189054695929201,9.168489049933255,9.736734533359423,8.786712965272644,8.409112920394467,9.22069022789451,8.933431306176438,7.169133864122558,7.1103365309841475,7.930010724039104,7.497877043851664,6.713151503189763,6.565809376787099,6.908712573886754
558,14.629353195399892,13.1061104466364,12.025072746106089,11.896626390975257,11.346550106006577,9.065224460950757,8.45360728928426,11.453273216499822,13.039837764945684,13.37773484653209,12.022675709102867,9.57728099999199,8.74499055030985,8.865459380621235,10.191965395097064,12.834729601051581
559,14.050204759670603,14.817414792902724,14.940235017809549,13.887613431827958,12.65305133152221,11.779482643777989,12.491169670772344,18.356112746131267,19.04078350389507,14.185731370714281,11.169995361819302,8.941435872222387,9.433054167988427,10.598696517492701,11.970308796717376,13.662341687926173
560,15.822679653532521,16.105719565338415,15.942582202275394,14.776810978761459,13.712078502966266,13.57635717516804,14.512243291756354,17.525552819035966,17.551526892744462,13.143298718605745,12.105900617308329,12.181223095600943,11.305031187149277,10.111684926530828,10.873416543331304,14.38205928679871
561,11.96474199120793,14.477175160636907,15.398961484521658,13.201466960447554,11.905002050967493,12.071150944998122,12.382961352169868,12.831835773944857,12.92210782171184,12.016714682749548,10.375120909593187,7.947827203822188,8.664016057325114,11.324672709621346,12.198007735278637,12.236184767843255
562,9.8334128030741,11.946818643811893,12.546343775956583,9.748348378845463,8.181047288726974,9.777972703835092,10.240001125332675,9.35319688286298,9.342360930527079,10.352954377393642,9.48402828784181,6.518211587902878,6.913620398660978,8.387328631958692,9.759490097770906,11.31879169324631
563,13.939039232449428,18.307212196737737,20.242032534277737,17.81902953018711,16.705794764948234,18.106874259410873,19.0040177222492,19.439353606236132,18.89006592227984,17.394930816169737,16.755974760570652,16.423715542776304,16.32236698996171,16.356051585305135,16.913885875485338,18.189570203104118
564,16.910443026569894,15.821197681155036,14.772494278568024,13.824208371902543,12.860939726947251,11.873657861514777,12.316105137911489,17.855250214373065,18.992148664475593,16.218898200676698,15.9369802766433,16.470422652219234,15.507023611608135,13.973628688146922,14.136418812175755,16.1571118376025
565,8.395428224609697,7.665209193181335,7.394787387107491,7.9719123197695705,8.395760895854847,8.428608277610177,8.604404981609132,9.036184102228107,9.048274149457175,8.3295955031248,8.158676952485367,8.601836080435529,7.521546478010103,5.135521914953314,5.026619824824816,7.122204997767234
566,9.062950412846003,9.631039435102343,9.613377436439167,8.095534110551629,7.269777607967124,8.662090955472495,9.49211343722816,9.435369958945033,8.479018447111574,6.595258926967514,5.450629887713406,4.799948637579464,5.192175764452356,6.604427643532723,9.35173181490956,14.215809410295247
567,12.390489262031855,13.721983920661415,13.766152803175068,10.923637355685003,8.86489235026994,8.702231624017603,9.614365004174436,11.554190824013181,12.444169900432675,12.593515272934992,11.906978021598663,10.780686554592133,11.117435593961824,12.149126687768362,12.736732630973517,13.17945987659626
568,13.976322742737358,16.094027849205403,16.635412829230663,13.947266151106348,11.86616800308969,11.363246828803302,12.000509725823267,13.955035781098598,13.908330471826185,10.757148895621755,10.898783810663959,12.867269281573513,13.787001381528025,14.381689793114987,13.864491813709822,12.291442407386961
569,19.651096143312824,16.261035438743043,14.409817962813547,14.587406426618395,15.548905057323891,17.567795193635924,18.2585126005101,16.03773661116892,15.967799110598841,18.945735360562363,17.692346714962106,12.46736755462135,12.943280109716659,14.917009917763595,16.95505639334653,19.37744391019364
570,13.019491044641535,13.958462419094381,14.648420788822365,15.006477669163585,14.950174370216278,14.047949600086286,13.828624652697194,15.844836731756965,15.815375733309004,13.00735035473885,11.47558973069563,10.678138476694881,11.720595760340997,13.579682010608186,13.534715309727105,11.622973678039182
571,11.335014773342776,10.587024779860608,10.033852911221995,9.787891117423678,9.464399954008526,8.939262292942196,8.405698068204913,8.079237060129506,8.679040595357922,11.604230690794587,10.7951934332953,5.912041357199957,7.288335684171806,11.26306464994838,12.840697714018427,13.372798436994342
572,17.439323776553568,16.726077861470998,16.533123051798313,17.53146448091457,18.080715459113716,17.35236574943967,17.111997485244466,17.440286853150212,17.638965230827452,17.42200096790361,15.205945900803675,9.113384717446321,10.398712194351784,15.263824086079156,15.831859065917353,13.87242859631894
573,18.31421280501214,16.781400915382854,16.19256414621417,17.79447874602352,18.612339909257347,15.756904941713156,15.014128860203595,19.340128435128165,20.048706406229055,17.7756116996486,17.271516685030786,17.2510900988122,16.59509034236502,15.701618303049424,16.098220047588395,18.22105562551604
574,16.440347101265854,14.341722134374743,12.423894087511378,10.57004896199316,9.88391995625615,10.58094858053139,10.787615725930323,10.014269160699902,10.538765970669678,14.090489339476232,13.212811003940173,8.02153909228075,8.67472221342734,10.983354010444796,11.529087707360668,11.323234266947786
575,16.80994024204443,16.63270607298056,16.204687064049068,15.326487754929254,13.962007911645241,11.633999602734818,10.82443545405504,13.625650682458138,13.915096848711187,11.775571231505136,11.961658721866545,13.211683530949568,12.60606455095428,11.335126580476672,11.766112678626676,13.8761366433034
576,13.262169523709238,14.801399404034381,15.684374424594777,15.745860416474303,15.481602863396734,14.835649260633765,14.500395328677001,14.621817927908713,14.490027192648427,13.96206097539863,12.669260073918982,10.416696289252029,11.100996055522698,13.530322159777764,15.506428988561549,17.563786725584176
577,14.560210505903148,17.137921345264335,18.985470842653584,19.58948724935647,18.332605893687454,12.561135298503704,10.542088115926102,14.903442659490025,15.654586900673362,14.298067108117172,13.13384487993159,12.062254927514006,13.244534079606746,16.2137963818068,17.1026928812006,16.574730584492254
578,22.35797874520038,20.89620486754084,19.543996600891326,18.23990252769608,17.960762130519562,20.080195568759752,20.858782169738014,19.388582220408395,19.33032832973353,20.58717454506527,20.02275901521683,17.954032545522917,18.27734225900312,19.99282994925467,18.66266577856057,14.257465314627034
579,11.080516295294327,11.38539514150108,12.017587637980972,13.31315700282609,17.2237746336121,38.456780762573466,51.46759732431882,49.221130655715115,35.830731315143076,12.13651967002643,8.18198225064586,9.11557811462413,7.569275061538247,5.535690445927909,7.255369617756351,14.307776260097384
580,19.54029961851898,17.84747298040803,16.612690447784946,16.323310307812662,15.604254825126647,13.610480031850205,12.000220993811142,11.245597307902301,12.182127965456106,15.387137597694737,14.397183013905838,9.277351711534292,9.640679633552063,11.31458859019579,12.584675463750255,13.824808095934
581,13.003557782866839,17.48659105499887,19.51077994268758,17.245188859582832,16.203244216783364,17.679558107260583,18.069183247682005,17.536051241359328,16.828794542828877,15.960259828838122,14.344891220062003,11.921922777598041,12.038121408699988,13.612493806296566,15.493696831456187,17.984934702359748
582,13.02411855530151,14.126311593863111,14.07780646808627,11.929909131004127,9.371343108947196,6.933446944543949,6.909587693116602,12.252948029584608,13.19502996382304,10.230925481997128,9.674698833844031,10.30067759148689,7.652842795034229,2.7531427900376455,3.8507273846677474,11.831670781006897
583,10.381622474988477,11.140358015234254,11.488852642373676,11.150580008773568,10.401089318002937,8.892205071824314,8.430163054947155,10.345429495563245,10.870377288984034,10.401644357458178,9.556956863648734,8.44604402675082,7.2395380301332946,6.186793527423676,7.9898167145498755,14.488559971347122
584,7.286895563470056,9.92029350663774,11.524643783287049,11.695141126303529,10.880876454548464,8.370859136830138,7.778171678010073,11.874559901177705,13.22545815185597,12.474746239170349,10.690878958027783,8.243492035352965,6.344785317755721,5.3454098266162875,7.423179875448773,13.81955297623135
585,62.01460385196059,47.32233983952964,34.30069550592878,23.15979832855371,15.825728986281408,10.780037365727459,11.330316874950684,17.87466959347357,18.676986366997593,15.838668500430803,12.615580583889177,9.140453641359386,10.386633213754752,15.203481903354637,15.431736864123954,12.354144317873265
586,20.17707525757126,16.930078632002576,14.361786401503977,12.47946256557143,12.098880987067808,13.477955187049398,14.39107254817762,14.776153187502889,14.218681700658735,12.694507779386509,12.332222319382621,13.026899737694498,11.556189668237037,8.669592947165086,8.890667187023373,12.402763967349763
587,17.94801778211619,19.833006482234627,20.466967236191042,19.055794007438017,17.400769495291982,15.692538089669206,15.344399000235539,16.999204815363367,17.75178199917472,17.212811751550092,14.649823945795736,9.766476963872504,10.942787600351704,15.564912671859437,15.050751422087002,10.730079426904503
588,10.818009570533981,13.332568375124678,15.257223582595719,16.481459779927683,16.352680151345748,13.963589631119852,12.819991173167098,13.619498192734339,13.001464922684757,11.136167253762546,9.48934123668456,7.9473515239345645,6.9459168254659645,6.673852059887445,8.504079520411436,13.318921643692295
589,14.093462139608437,17.448517876767074,18.276895956502408,13.258662106802081,10.511551428141784,13.997758415335532,15.27277951860581,14.253143564941302,13.925284084204009,14.161407356796389,12.890040145587665,9.794195316526135,8.094876067422145,7.726656995760764,10.227489455688143,16.584438003705845
590,13.121582942618318,12.854364982604277,12.708491534812538,12.822691141489194,12.854924258025907,12.560912007244584,12.031654511782383,11.033062559285435,10.88863804038354,12.944280415037037,12.00476322459424,7.598881421712384,8.645872713440719,12.104019840031928,12.040612123671503,9.54128929572823
591,12.193337251675409,11.675955010490052,11.167951271051693,10.677583323402907,10.42083449624661,11.106313648672696,12.802046333460282,16.946311986861875,17.18764952092456,11.673470038887253,10.418450277550342,10.415076595628609,9.573296089573445,8.516732369206887,8.598733682720557,10.090526191701024
592,14.514648986691464,10.611560986425681,15.17099088899436,43.44901731638434,59.151549001252675,25.66172350327533,11.690705726135572,23.74437113803393,21.329064605842955,8.726034844823996,7.724943442279905,9.91098880795209,12.365152246185731,15.015148389957911,14.22314706869438,8.452418331330232
593,12.64084806862687,12.255302943539384,13.806543663291988,20.993389832006713,25.18216316356725,13.592359544032345,9.51461799584008,21.3559482642319,21.873826764532186,12.782256475707834,9.91009763908641,8.677939284527444,8.864314362877755,9.656128249022792,12.206625369614244,17.1119054376017
594,9.783765184332504,11.20153720148663,11.792079887263126,10.849139023739264,10.361913957690415,10.65150775480891,10.940321770140853,11.147479270928617,11.94640757062731,14.30238436603829,13.985838858195297,11.145934186216223,11.700622565922327,13.243683010488022,13.754663409893118,13.815916463456453
595,10.178483521629547,12.794075065605378,14.12148141785124,13.674148107923493,12.556351491749519,10.476711454907766,9.761756449409924,10.405915154465438,10.742161383031538,10.92121408635351,11.090881708263034,11.269763898035052,12.188392136141431,14.042639014954808,14.470928459678694,13.618744618092634
596,15.395610683152412,15.680932731380679,16.188095988359954,17.35055327489904,17.840324046620292,12.291922142313915,9.865047711879427,12.306885967188869,12.69070628966033,11.874137862172788,10.277372356316151,8.189492092721363,8.320727551735166,9.545177682073971,10.926211010738726,12.69297300491616
597,14.762391764639034,12.441371421093303,11.551978937206586,13.783712567675792,14.845551468857336,11.68156737996574,10.805325281076849,13.610124417335388,15.302499099829056,16.067762510363533,14.543298385475557,11.34902816221953,11.647519928181138,12.91676450489344,14.065279253851832,15.356618303866025
598,13.740895057651187,11.466634445653861,11.14579625654424,15.623623207668533,18.00942982979408,14.257218045258217,11.84535104684284,11.45141446380489,13.471376233759248,18.346480820229907,17.29271145276319,10.674929859868218,9.089532745791704,9.346007742488387,11.815767575625706,16.367999234121115
599,14.762139495996411,14.403963123918468,14.06187445325667,13.979016297713695,13.520704757111416,9.651951589168101,8.23100813477672,11.393683531602173,12.743447663420481,12.869119843035362,11.56042501859249,9.394014462405146,9.091457725017829,9.835958502711975,11.299936305857862,13.620667756680893
600,10.789118594058078,13.836435461811805,15.408176783286942,15.03777603171815,14.167556505011696,12.585700608739158,12.318829832995005,16.2555187464422,17.981591056489233,17.87967844047796,16.2951186542249,13.872041846716977,14.221073063460672,15.760543516265425,15.299380069328837,13.479544496615397
601,14.219559523403925,10.418973438831975,8.425785382459274,9.000157903231806,10.834896278672392,14.617541781778195,15.911994835084268,14.860087718308467,13.421339887007223,11.717888896069068,10.199152341266176,9.068749451926058,10.002411061216053,12.079992078566608,12.708399381789771,12.363283997115158
602,13.232505931925218,10.115819244729206,9.186724752027416,13.17190367179885,15.41193694539602,12.461913536386636,11.861970225296044,14.775830241925501,14.96390965554168,13.332194297505696,11.280132871066636,8.859740106953979,7.73486578140863,8.785217682152487,12.844127704973571,21.58092468025574
603,9.549224100175191,9.302913765972301,13.676075607507055,31.606857170280193,41.62629823368504,21.296349340052323,12.333082855522886,16.796140096370628,16.203364824429944,12.344673797619468,14.365520240227132,21.133472851500706,20.002613298637687,16.331434382977072,13.371862020754635,10.360641048258175
604,9.997393125651888,9.666359832600968,13.015187979397265,27.22690876524304,35.02459507194788,16.881735918406296,8.56097081216194,11.038597082104594,10.79814044470906,9.067773323072856,9.50832243303412,11.047535566335783,11.50323379732905,11.731592479873846,12.898795670545546,14.921786902338242
605,10.548783261957109,10.454673097975672,10.38019344726091,10.465724374702527,10.402864981361692,8.27390993635733,7.354935637133673,8.97916656644632,8.892805850878625,7.050354681850095,7.475820798903093,9.763448161229224,9.016124969967391,6.444895932216191,7.81162738982071,13.32997514881772
606,14.02542138543033,14.668839201627538,14.167257606536701,10.960950609493176,8.481363158368776,7.81204424793376,8.369286260881102,10.044596534666601,10.436058309321119,9.49640213488172,10.103975171817297,11.871409629749527,10.937195014182397,8.147156218207858,8.12317258061257,10.477016576635469
607,13.828313975131417,14.315056778803045,16.740989572333962,25.07411206753996,29.62794654272943,20.493453264783213,14.868601101721673,13.316574870004978,13.796537232125381,15.363369907274851,14.556090324132137,11.730608804491508,12.29603327194915,14.029280628246081,14.768884834782861,15.15813890433223
608,15.083936689716836,15.442158916017808,15.339861893795241,14.090474565729771,13.198151855949027,14.624482392215688,14.818991453838455,11.226290985950058,11.094998529332448,16.645763530238376,15.209792483309093,7.785883444511583,8.835990936317467,12.294829086289138,13.518123616499947,13.913957397107291
609,17.217304018948546,13.33179309373657,14.650014203670562,30.080172780547787,38.427316535778374,18.504566032012143,10.280174849898868,16.271093293816346,17.573737142437526,16.82622796479649,15.973687200359702,14.991887109526592,14.486574395635724,14.742840203725963,16.210195352820318,19.505887197478813
610,15.230364899308276,18.78415828939694,20.603884028611784,20.223792916334865,19.864476311506117,19.65137106428768,20.14849681381983,24.359338074627466,24.05713426786938,15.706774390499929,11.881472209092145,10.504148117532932,13.452359554651407,18.046376154920633,19.501501371315157,18.419801212859127
611,15.907985646763109,17.425017343602555,18.026593836351182,16.86596164977428,16.23986750369669,16.696850579697934,16.841167605054896,16.53593957585788,16.688898700688224,18.021333931142347,17.00197891524099,12.556141624273835,13.944586901283776,18.134408655323405,20.11441867439353,21.276954827566986
612,13.563223853094348,12.357429646648178,13.611617882417054,21.709567990928594,26.151480574503474,18.099920488948907,14.04930817558258,14.70192518325631,13.567977530537146,11.049725528683169,11.419362853412133,14.235241975471723,13.331907775439882,11.08754087575947,10.91380003412831,12.188268089432478
613,18.28613893514756,14.285047424710188,11.835134699353443,11.472670205811486,12.500112652654622,15.782009356948803,16.528097487544496,11.619993114586617,9.99257560564351,10.136513692938633,9.71253813542611,9.056042708007723,9.174631772805725,10.40371513230334,12.462739184743622,15.982351902522245
614,18.798278873834963,15.478971262171738,13.384310363598457,12.833241902152169,13.423846435933731,15.36767966624449,16.94511861602914,18.079244636282702,18.01073224984009,17.10650428110678,15.512300317880031,13.405344790441896,13.481953861991151,14.20980775261979,14.411102873271238,14.458825826833953
615,11.984342609234716,12.666849574064623,13.290694074364923,13.837811970832245,13.868444567639248,12.307627059498351,11.912049572736212,13.369682912551216,15.13187082080886,17.11086527673761,16.329134512083666,11.804521636561962,10.582162015877417,10.60978391312614,12.11252453015468,14.985963125359671
616,14.444779044285804,16.121689370730028,16.901109876210736,16.414423386167023,15.547048712980944,14.144623356274746,13.765759026643172,16.253832478798405,17.414922808613223,16.923397249182045,14.602561390466452,10.828086290683206,10.595996847097336,11.199711122748727,12.03166805383042,13.130248527650418
617,15.615164915888977,15.514128161303665,16.03778828033583,18.298665041763506,25.615078943811564,63.090671902324246,84.21058408812908,78.29375517670657,56.225957409768704,20.20346025803044,11.598056182061663,9.519030362471659,8.588377910723718,7.911417081529697,9.750460268712471,14.426573476172347
618,14.516001566176865,17.451829325453396,18.477676654499604,15.415120169978643,13.805276239520897,15.725486288988602,16.472639289721986,16.094099822627367,16.199597530569083,16.61096212216825,16.475101586792828,15.962380044423528,15.42060630767697,14.867885685753677,15.113267231644187,16.530232629140798
619,12.804398147125545,18.304110005575602,20.772847820572142,17.700535779328963,16.436497731028638,19.56188998122494,20.291543740227397,18.23105771647612,16.7391331171722,15.563413187742066,16.028242331421122,17.52455690032768,16.958425113978258,15.379546522008326,15.850958222852048,18.2292700212901
620,18.087421315642157,19.500466407668306,19.67780587260184,17.228975755142105,15.320986679615519,14.735620496791428,15.10626500356295,16.26901890511977,16.98177202435393,16.69232751849499,18.926866534357025,24.368538074456993,24.78239971128124,23.689265985288525,22.01051491947519,19.693079668708442
621,11.303442904172922,15.964165657831767,18.79767798469879,19.4143552019301,18.98374979407839,17.21075282289189,16.803969684031756,19.522074692875332,19.82621889950652,17.748314332905235,17.17452229939038,17.280924426576735,15.760222886245058,13.431337614579036,12.173105203182228,11.593251943764225
622,15.351021733156543,18.730249647896603,19.95672714295843,17.811586830295006,15.266989974652207,12.73916954460096,10.727019247132601,9.171145260173992,9.709979516388394,12.413998181061642,12.02416803916793,9.48664673204902,9.863151967966004,10.965998699535602,12.182928120586986,13.650518625847033
623,17.687837568059805,17.342626409015338,17.51119431935881,19.25644765381128,20.15986251400047,16.393674852277087,14.832074323263289,15.807170346856418,16.802802791638616,17.85097771790751,17.302475540683577,14.697243440502698,15.476675224437484,17.86554276290056,18.256188675630472,17.36992739034806
624,18.983346430846815,18.372229380211074,18.056512517025574,18.38574674684166,18.440750893958818,17.79234328057242,16.848269213696447,15.564982847133885,14.749175386160971,14.247601695668807,13.500915686076988,12.594429877731997,12.983598664863946,14.486625524831247,14.99665412172328,14.991046016575162
625,16.856606418699585,14.056210588858296,19.562779801522378,48.507700409884634,65.3936941936412,27.751314915509823,15.412172017053834,50.65614829353324,51.98792549403234,26.484618321796205,14.866675266669048,7.801843659532515,11.975385580474319,18.71568122910643,20.119135749227937,17.90155352117445
626,20.914526428519178,19.037133208536112,18.008872589747615,18.739789582952536,18.930836287403427,16.279183587274137,15.82701402984568,21.951971480807725,24.188847483237797,22.72351519741455,18.52074710060777,12.551477405597616,12.743188663221252,14.50574479153366,15.090124897083669,15.360680706327981
627,14.528731985562269,17.409005873532518,18.630567341152208,17.40017374539232,15.99183451124497,14.593580636857437,14.618888987197085,18.214544936904197,19.03265695933484,17.511128859239765,15.250390457491738,12.418820529542444,10.382858170381775,9.464199687023763,11.413161975333171,17.13206989761524
628,21.80596745571283,22.805135966652067,23.137707646884106,22.08633690089052,19.77159179313947,14.494922512335759,12.303876529210125,13.242832747503783,15.032122116193339,17.463627854804674,17.035573721594425,13.314578617446742,12.908538762209421,14.471675122961695,17.86382925811964,23.628235176500997
629,15.30614860752021,14.691886210270415,14.71218514867219,16.15103512681337,17.19483157862729,17.34741587643188,17.612829197197016,18.097050950005798,19.338688886749352,22.659465936941068,21.300925417735197,13.915387591592095,12.336775888612463,12.84434888890209,15.352866225118486,19.706705974677163
630,10.647636320771506,13.39463187217769,15.452196195645826,16.649327679437754,17.427162250883985,18.039512565085012,17.837685215943612,16.420675909836742,15.821398452601766,16.424190940945635,15.35358658008799,12.390803099670169,14.192829292853881,19.91247089297705,19.664991112295663,14.04787059284789
631,18.81217634813114,18.949737172999203,18.0754314554801,14.316222358557393,12.055244653567536,16.687359158717346,17.89816871486528,12.493391612104226,11.400446185147388,13.146341159466651,12.788134437486598,11.603232370911142,12.64215917831127,14.852047000311176,15.290588307589777,14.309401626166458
632,15.820758669076758,20.723424179763924,22.764994385882996,20.166824035015924,17.968822370708498,16.872489931085653,15.668428183585487,14.14619545988946,14.380773616446099,18.42226249625137,18.102079494320233,14.816805912025124,14.877035634336362,15.775608606533076,17.112644951322746,18.912984863932333
633,16.043088195362106,19.010139756684527,21.425733575546396,23.18842515636566,22.975696706058436,19.06621719618067,16.77514121493312,16.053865109551694,15.323000890567023,14.43254654476907,14.953008884100324,17.216154755039405,18.721634665058293,20.090574337314713,21.465311718391956,22.839858128293077
634,19.519685314236305,18.1141842741869,17.388517834227784,17.597419741960397,17.67527510544827,17.40517102640805,17.488019581753864,18.90760580759016,19.268321996480942,18.6284510597499,17.63594004096942,16.360181354507244,15.162100224825787,14.205831967879375,14.806341662940694,17.4798535677197
635,18.828179015834927,16.742401506504315,16.00564585131489,17.39718799288258,19.10177853718169,20.984660812331427,21.193519319677677,17.9439478924639,16.397828188203093,15.859231682282546,14.981704459329189,13.897056467516858,14.33123503201594,16.54938252330308,19.0608455338974,22.40634960328975
636,19.138834845287104,20.40832980605107,20.479875891058487,17.60901076072298,16.007138519156417,17.944995782570356,18.753835829228475,18.136993394476967,18.46256456421381,19.8579725708565,19.13367982818317,16.03375195943494,15.702487850613165,16.071981406416405,16.825686509444804,17.91565054339635
637,14.726945234149422,19.324787090231638,21.910978333808558,21.9947908293722,22.236552331642976,22.88425647328925,22.979353542851896,21.0019997162588,20.446942753605082,22.642595473570513,20.871613573085764,15.023106147149042,15.133156402757447,16.46301178116363,17.80586608549354,19.3934510275111
638,16.597973338448195,14.775570398552562,14.851260722271675,19.67116784690588,22.274227165319104,20.406831259928218,18.369808076389674,16.276887699262705,15.515047740775431,15.291612304598416,15.52354181264961,15.912231371049916,15.789616119044114,15.27353131065969,15.634128633569047,16.97006532734316
639,17.10242626704708,17.07862876412202,16.991689520265865,16.750165572577295,16.133972864289372,13.531679895107164,12.683856015663652,16.025892319975664,16.88019652393573,16.2580272884296,15.366076010424925,14.275535437776057,13.222449203399048,12.480696180079779,13.779047654205463,18.228751903397452
640,17.368632655827163,19.35958433215004,20.938699307775593,21.963048230182928,21.664639658198247,18.590833114005832,17.25918003997432,17.772718038600974,18.855826488526496,20.371211059238615,20.721809067336114,20.43572106480584,19.770714316122277,18.940422344747954,18.980917011342694,20.099571750319342
641,23.085119639250713,20.887527020791854,19.836314943164457,20.279047255057627,20.945537877053077,21.87250574953363,22.12403325809506,20.07752005625794,19.850880506224854,21.40709651253018,22.572012617708058,23.63974862599417,25.527922430815504,27.924694441287595,27.95086987141516,24.92801449798581
642,24.061925289846194,27.416377418292804,28.10643124718741,22.712342519142396,19.588339565935442,21.679888343236858,22.192114410828356,20.731856188914374,20.906566559630573,23.875280034769467,21.870667999684397,13.704266733405683,14.67099955870973,18.419291677324015,21.069220731989326,23.47540549073826
643,25.219937000114776,23.073976725713067,21.34837644686774,20.034039202667888,19.84564140650109,21.281763429068445,22.223638006354225,22.2673939713249,21.218057504789037,18.919002779254736,15.477693355920508,11.09611378934645,12.97768947017699,19.88267245648565,24.135859700171714,27.468096774954198
644,21.110664973470435,19.637637193254815,18.258046830842382,16.964718453070734,16.09278296640634,15.62934375607165,15.978231504581268,17.233347589507563,19.090469653603076,21.711480070628426,21.288078515755082,17.215238740920785,16.06452337018564,16.784496762944656,20.147227066909256,26.909490937230206
645,19.21920027960169,21.859383374545146,23.318129906220843,23.20437664670804,22.371191697304237,20.620228494407666,19.660946613688353,19.32296635788103,18.934467239697504,18.43003338973044,18.448148827749037,19.04070507322722,19.827291939313273,20.80197664321109,20.02944949927165,16.555501180143118
646,18.41747948705562,18.67315084614117,19.785548312537237,23.53534752635407,25.56330600684781,20.88082822031745,17.960126100135927,17.174675153547025,17.496418222697685,18.689127747645372,17.57291013615311,13.17636120835924,11.275543720324254,10.972799318538396,13.442261300523263,19.20312428964132
647,19.78316934382451,26.07022447513531,28.33427526496927,22.8447443164752,19.228559755903607,19.43158960337691,18.68677624019988,16.66040204468609,16.37151200535121,19.629719150912504,17.975850401724443,11.110598068612992,12.159728421763495,15.79685583558847,16.94658260147402,17.100359051967004
648,17.0142286584701,22.5523853586976,24.990404177510147,22.646748426179286,20.598544593494335,19.272231672474383,19.14433569893094,19.889072312019444,20.917681399691233,22.238707080934514,22.68599075067266,21.97703273839334,20.27158815928308,17.868728462738556,17.148931820673567,18.084054542121713
649,19.16793232409527,16.808004597287038,14.740794239259856,13.049010895114208,12.82847541231108,16.61609425428218,17.550983944186953,10.863188911040659,9.746990248794596,14.031163281438197,13.385976526094582,10.514783601533168,9.855785760281835,10.828706474283427,14.946177924094478,23.5117189285349
650,16.75201100612408,15.180967298760219,14.023061034053034,13.690707504885408,14.71380718638569,19.722735417913515,21.430491358456887,16.302301267746728,15.234926975208252,17.802907330587228,16.026201378073274,11.367443764275441,12.768448029281254,16.873545760772636,17.936004840305575,17.365156241228007
651,18.117554623781064,17.177764875622458,16.115959660680176,14.715218069655256,14.062461795325243,15.723220942607337,16.61763056132326,15.399740129233972,16.15519168424435,19.947761975584008,19.674762240817486,16.77380284495657,16.20268114114563,16.01397352526529,16.293634871856018,16.823031192304747
652,22.053483794995817,21.649793211330458,20.894494483202028,19.591624067111056,18.06810048205957,16.439342893211876,16.099615876779442,17.909185087626135,18.164611241349398,16.954404686334207,14.986194506047063,12.35423887261102,12.361237151108272,15.871406478433247,21.521422170589982,30.86167768456689
653,31.829033005628787,25.179082085973317,19.83608514532134,16.06970491368518,13.808322057876094,12.384475239189271,12.779551138612229,15.465071284994716,15.48988745291961,12.826429942955052,10.534833797256345,8.463868073882864,8.40246434046745,10.809958867928643,15.82430141043944,24.998278061578315
654,22.90326536175595,26.66032216085385,27.939858549922562,24.35895441842763,21.741321161278915,22.489948969547356,21.340471984469055,16.723758318511514,15.32969600090755,15.272749962164525,15.446035775947793,15.742276525720328,16.791181935149204,18.917366539392784,21.24127128921948,24.085382225813486
655,16.859744425489588,18.623525207595847,19.536588326222724,19.41314299319125,19.267247975142542,19.11724481356707,19.36702856929902,22.061460064246077,23.076671712607194,21.66043171204704,18.473964836341576,13.741121535044254,12.717193050766843,14.0563308956323,17.120695832496402,22.235516512439034
656,19.0076138208779,20.683857474877307,20.556078471928082,16.095952947030863,13.242470207160691,14.080399361949782,16.351764825576268,20.05553908765994,21.445722267481948,21.807691208181307,21.686326916804543,21.42390321774741,20.84427277681685,20.042019004580382,20.324904384480128,22.069434740964066
657,23.939694124635746,31.237884597635365,33.18510854239559,23.150264794751784,17.362983227215008,22.531776173293924,23.20826887078537,18.43456993916308,16.229963114052733,15.151145222343924,13.876673289619267,12.377811148556738,11.808956287659072,13.199429843471956,17.994622749717745,28.66272959701297
658,22.391191074797092,25.72522570442458,26.921482367556035,23.62144932792261,21.842234747942396,24.153112193085352,24.54507205730265,22.769212183206132,20.199667907441235,16.77717677761614,16.408752503236496,17.25219273375265,17.537423886826094,17.74780520348099,19.646264186951115,24.09064588768509
659,17.433272170095584,26.428416953474816,30.364005010001218,26.141006817531668,22.97599071139373,21.780682892913404,22.153239522277108,23.90860451573733,25.21802559524834,25.346244228576488,21.851538173990996,13.404534596633049,15.030131097933227,20.83854951778236,24.08000659887917,26.562580229270516
660,20.601847575132567,17.536954563639423,16.24209065465653,17.954790353249482,19.168363928410997,19.377847613907196,19.008938600153247,17.759574684852705,17.947151932003308,21.866902951988422,20.363203687746875,13.202499183672751,13.404519297605308,15.135239829495852,16.66505823722674,18.359267577566136
661,23.52838122174106,23.828766604722478,22.64892325388901,17.449026427102346,14.360511560345133,14.739424296400097,14.72930192738345,14.267320837204789,14.462245506981391,16.161707118204077,15.790424142127987,13.225590068605364,14.328675497762836,17.595219418331205,17.537253776644068,14.611134826586044
662,24.923329494719606,27.870328683700155,27.976465461135874,21.333395557128572,17.36139380211034,18.53621941510354,20.855399430181386,24.022995185365883,26.485567475940794,27.3713657503577,24.04807153923304,16.447413475045757,17.024756727557786,19.91170640170132,20.30722191484649,19.68748448189671
663,28.27110336822069,30.074138207433325,30.12529287006459,27.226954420371754,23.405179350362726,18.71910342520901,16.622499227813424,16.694424652658526,17.790703054621936,19.688878761073003,18.70600425034872,13.593484084506741,15.60057031429634,21.73979467327903,22.423195086134264,18.984950719787015
664,18.64994512876062,26.19149868461876,29.558789304979808,27.23878986265695,23.80700463971624,18.95604059690962,17.137014285170846,19.271295196093266,19.222819600013217,17.638254111937396,17.044069408379798,16.6815529761757,16.29691522151197,15.960101389103912,17.37508527037972,21.88141560954019
665,20.09026393616059,21.3902880061848,22.29626513991826,22.432921182601405,21.434353073188007,17.305989202029398,15.86313974399685,18.32576206222562,19.791934446361388,20.663480820879542,20.02135409741422,18.52632793558538,18.05260030735335,18.326841628197894,19.66108103509761,22.34902841657135
666,17.714375699277195,24.390186899105643,25.987330945162263,16.117771222864754,10.61279848474437,12.915506411265762,15.41490783368496,18.11054587806374,17.901096654943167,13.572667353102972,13.176772536663954,14.3664442103198,14.627146352165223,14.231324476353398,22.530049713040576,46.075602069789085
667,23.116996793623453,19.73305417004073,17.803490374540193,18.01503140264533,17.77785612620243,16.497209137018807,15.938472695024629,17.672231175198554,17.082175096480853,12.474130083543399,12.041396447712689,13.10719078214178,13.698640605423343,14.33681293880459,15.877218989925694,18.530234382666183
668,16.37953501847932,16.62825290960025,16.247005173321277,14.036554016877345,12.858390554023327,16.045790786084396,18.064217618718228,18.148512662917554,16.70890404418807,14.104732486197118,11.399712884440653,8.892514450479426,10.413860299492491,14.521378949437501,16.649790271200974,17.97843122707758
669,63.376055454251855,60.98063822584699,54.217186407150436,36.3609382033346,21.814560770981494,15.745559038421536,14.905970885803978,16.89456733614899,16.014230613175805,12.997002303657638,12.539261820473353,12.789319381778805,12.721586722904203,12.194960880961853,58.701268130269185,196.99955855072565
670,53.77893836016813,78.31493940655604,82.82042365855128,45.60177803347462,16.77769007248432,6.496504871999397,8.115563271928233,18.76792371280708,20.93690001276886,19.51492966790714,17.814549287899357,15.830344252456415,13.993512759230795,12.675903047818428,13.914108277326628,18.663104169150024
671,20.435441001784998,22.053878667488124,22.10300337131793,19.493102076862794,15.634460896805809,10.17855312190416,7.21190295687707,8.190818835669502,12.040951801381107,18.552172182765005,19.16339772552451,17.76144586254744,16.66331282240264,15.639558916412577,16.6400316283767,20.55010483463258
672,24.844038609266253,24.81980463821184,23.019679338974044,16.103423380821123,11.948901721918775,19.312653735722837,21.26744931724067,13.60829583535509,12.46349426694879,15.769435060882786,15.986691408052893,15.241427723154297,16.49470584905249,18.459305455237274,19.178230768353856,18.920425893789126
673,21.799104156340295,16.178432904435994,13.20241342616576,13.879382300305712,16.09346875985577,20.626436247702514,21.730830490695237,14.836914014156068,12.329672404371008,12.00769918031737,11.874819149085365,11.803678390056202,12.826738185629075,15.09242541516903,15.599479503741714,14.616923491652054
674,12.057018310468404,12.802121210382293,13.445113300151421,13.873705976086052,13.542653329734335,10.782245642282835,9.145633290503188,9.463715186445384,8.526851449688186,6.324265896382971,5.592837035144145,5.612683496954537,6.401682056938615,7.530818504158727,8.771380101183594,10.210286525577398
675,18.011262008935695,33.990476985288,39.61680397473662,25.454000133952476,15.438801992813326,13.047536615763828,14.027284612978855,17.197848875249438,20.6385668361088,24.280709062649667,22.808141239988192,15.994877552972072,12.673703004812586,10.531598626299784,10.605289196863867,12.414466666493613
676,19.915091635817497,17.43993292067774,15.003468616823318,12.317812852849626,11.279971019202888,12.183090690290632,13.735933165629785,15.995353699228662,16.49099533854585,15.238174181673436,13.338599315167793,11.051475088240544,11.500287571089741,13.389706628339272,15.119723195658318,17.113902203339784
677,18.06070269555635,15.569458806217755,14.243356565827971,14.985027408977977,15.115976262273342,13.190072435147743,12.574510974615274,15.760831530794333,21.18688496132209,29.830327530546953,27.250307280456962,10.812692617211415,12.081670950170688,17.725791586214548,20.19008299996461,21.75398918216579
678,17.58862321376843,15.771049730954124,14.729043058737625,15.693032906278376,15.818710834186819,11.363432746692203,10.137331473643211,16.166830305928617,17.882357602634073,17.33687264644793,16.48105296755448,15.427905687722312,14.247744770504388,13.198240397868615,15.266915351126631,22.57919523453663
679,22.964325458150412,26.61389473771713,26.765372104184863,18.45883305061338,13.673412905164986,17.817695692098667,18.94116233698168,16.49095763165058,16.377522119133783,17.51600202267089,18.619883419137366,19.816264029837328,20.903243749978284,21.5212071877126,19.42129129363507,12.933066922079352
680,21.58325342485835,20.95048477450356,19.706980375502496,16.871718503834046,15.33021142653716,16.67179321443858,17.71888194100852,18.279878301260148,17.70558588391279,16.03886547885868,14.286530452804792,12.549154429765345,12.337922102995044,12.373739699371606,12.541084644730761,12.787984698542953
681,18.32860680788726,17.292488485107146,16.966447131402667,17.82438912181592,19.1972164845419,21.358965041109066,22.216381768496056,21.466325941444623,20.219198322754956,18.65190046649781,16.828919699325464,14.96191975753354,15.255289252462239,17.290234609094792,19.867650899469183,23.44047857111091
682,16.526418208696303,16.291732610957563,16.523966485433917,17.67684456407227,18.94625757111017,19.920924256810196,21.15155440048775,22.95949969754813,22.62978136454277,17.19340887957009,15.469046873099476,14.80388034586151,13.916371356344577,12.93587179142773,13.232934616561096,15.36306728378104
683,27.54807262327018,25.283142459781818,22.91322171945086,20.199291599831778,18.510533576626585,18.104235224169056,18.9606121593556,21.25852915624156,21.597002508404696,20.597166277305522,19.66233118245207,18.66899716915909,16.611770278797746,13.494128862921126,15.600635276600388,25.29041688357546
684,28.288642494684893,44.98186509432894,50.472145791233324,36.52656249285601,22.050368505302565,9.96142286253552,7.805014145711282,13.58334094167952,17.758267922779922,20.770771563196654,16.92697199149073,6.004317370424802,5.732628790141123,13.27217286179723,25.912584097529056,45.90679892996752
685,24.70427965747574,23.55698325313387,22.184599309982055,20.171608414650162,19.201579326448428,20.398033843196338,22.270347403188154,24.741253189518776,24.460743356166567,18.104543202224203,16.434729401125317,16.351615157872534,15.05748117808212,13.380713502051481,14.140161212164829,18.24453479477014
686,28.43425678194622,26.262751495206828,24.730141904965357,24.015842946982726,24.415633627141514,26.366316495953217,28.10965426951708,29.41949737616887,28.981153456428494,26.923812577981565,24.021141663007633,20.454358979478897,21.77216554479866,27.04327224606819,27.917035954551807,25.91384492797576
687,22.783129236329025,20.68765348462779,18.56504757180974,16.169442090782994,14.993893501500194,15.217779733928461,14.98798836738524,14.145529768502913,13.866931147839376,14.794897609202382,13.696501368563737,10.169056249633678,10.899085958519679,13.344007784071184,15.057087872062008,16.57465512901566
688,25.821282098745286,24.35759083558459,22.615726940429187,20.052527313553487,18.818380468125586,18.885787635669356,18.88011103866247,18.80128301203308,18.70333460525591,18.548277209514733,16.89837521510178,12.022158455156578,13.126055786739707,17.021359892934864,19.025470148983498,20.421389484261695
689,20.002023411770658,19.51611101716326,18.746898520566287,17.46980727031367,16.243424338088495,15.344680225752876,14.706268410832722,14.138988562091185,13.947318695595795,14.199323643160202,13.519165249274103,11.740796270743196,10.449851256423525,9.949865049928766,12.744165986213998,20.815399045014637
690,28.64235317925685,38.79447022353564,41.27053625591788,28.31766465495236,17.854617705319022,13.473606964278211,12.856126652822333,14.097813462056873,16.195707260541855,19.144134072933124,19.37484070043444,18.418472969226016,17.676970078254,17.057735801907437,18.69666061265591,24.066013573469192
691,105.18168414618563,81.24508718043492,57.44798688114389,31.564035167671125,17.839451173586742,14.171237275071565,15.715045181442292,20.994690311899245,22.855104854024372,21.753545781344258,17.742106219035367,11.523547862589407,13.70999688344823,21.464880604987044,22.20070480502694,18.052546741412378
692,26.728981623511903,25.1517184970481,24.23629312481937,25.03484016887018,27.878736824332602,38.06016744546512,40.78562811737473,25.22703392113135,17.91125218515406,15.293301571054634,11.983233389812169,8.20720853765436,9.775563224729321,15.170339455624273,19.731557518245264,24.633376675589727
693,18.184248806449638,19.41308118929471,19.452337781628348,16.5142852882696,14.947838082723042,16.809016058692656,18.321333764017805,19.341379608712685,19.154451647755543,17.88369261982839,15.784991519608234,12.903244710817782,12.44077205115155,14.028507849540594,16.849880872765205,21.408850733792768
694,15.396593667544057,15.593017487262985,16.102140302746466,17.541481802210594,18.31882220370865,17.782919191790583,17.182281807770398,16.658134100858085,15.85910960355835,14.643270709664186,12.801135867493583,10.421644877260245,10.934311456203647,13.206756209567633,13.703668248072061,13.32202571534634
695,20.83406492419214,20.127037406533432,19.158680015318296,17.52617257700954,16.648632714333086,19.681130663789727,20.910235942293365,18.962986931274752,18.385440760276566,19.292429887305214,17.500537718382112,12.79176631036977,14.6125260813135,20.2566263519479,21.934461790914998,21.33955992546102
696,21.98462722464824,18.58053322321094,16.80158606116027,17.00223937321467,17.1850054684169,17.30931119322596,17.41833415454497,17.368842240516212,16.59697929582284,13.342218597117459,10.650852720070427,8.616634445676391,9.97659537341926,13.079847996826889,16.088408193076674,19.502338267640845
697,17.170558453078,19.430201997287597,20.03862753153807,16.95563190826537,15.211044149449066,16.42928950326449,16.933268275335674,16.515874962436335,16.980801257190876,18.684660687108938,18.149098975471976,15.130576919358424,16.13352702625004,19.013453559937474,19.874141373291582,19.612942086120064
698,16.970534966699038,19.48931459039098,20.038801757587144,15.990238055611343,13.756157336387028,16.43762500983079,17.46202210739095,16.83722668442393,15.749619264105595,14.271332120871163,13.218497449373162,12.698187357489132,13.650166385927541,15.391289866616518,16.506668974527507,17.304516574941232
699,17.00567669619742,21.384245222195208,22.491655088727228,16.73183655621737,12.663901847290449,12.048007951992592,13.026265397983936,15.156568786956512,17.102343949405398,18.86103018255617,18.607147915182292,16.924054582972428,14.452365360343777,11.44527722721762,11.457874666101956,15.402287634855341
700,21.865390585119872,22.260444129803982,21.67414415204639,19.07478993111958,16.256402666572672,13.934185314554211,13.87966644212656,16.997693002418647,17.547631331068757,16.414713875596988,15.677389675823042,15.031786971717459,14.920658470643888,14.929574628052405,14.504987518508072,13.719589442153472
701,16.773036378519034,16.32324337603223,15.937920829555823,15.651940355442175,15.82718919703588,16.988554416722454,18.461876988309903,20.133673754055636,19.952700154591152,16.507218757036995,14.514677752225657,13.470844291743214,14.89574040218183,17.378265446157897,18.731168310601678,19.519554962801788
702,14.745756277515577,18.347754494071168,20.41130426498453,20.558048233052833,20.098152131442333,18.831948537846632,18.548457071307833,22.24724715198945,22.019671198934134,15.255738550714456,14.909591695700263,17.06668886558462,19.548003969863267,22.255075896331004,21.184984933969634,14.400154521625236
703,15.725508128118866,17.588083995541016,18.47806729038798,18.092437879876137,17.512111421825,16.71273228922709,16.641764913620854,20.404610708217433,20.38843293478906,14.733898840089362,11.777043588622924,10.146686558767293,11.637615060462688,14.158978392933996,14.795937714091842,13.974875401024768
704,13.5461154707075,11.870027169791506,11.308607040353609,13.319900274423391,14.333557811552765,12.000629542272558,10.845608176663346,11.256059935820643,12.54088927299452,14.788165519945593,14.055579305002238,9.641064524601283,7.508140249856405,6.844214161166286,9.40809193436905,15.952329950767401
705,12.714573974643363,13.84725618219266,14.522516584882917,14.431265411232255,14.536672745739894,15.387734258831204,15.496077282045189,13.354800013660508,12.771757215069986,13.1647153124876,13.186359264239718,12.976497176848786,11.93520991578411,9.970984958479853,10.563206889374882,14.241179239754468
706,18.666558916771592,16.91277147594481,16.20964747360401,17.58093305938639,18.24955927175218,17.403422994588816,16.972501969656054,16.95516189387994,16.773698365330862,16.381717313929606,15.372911072962966,13.394726638528425,12.086614366843857,11.344242741597744,12.160409771613674,14.824458204476597
707,19.89896963717934,19.179535943259253,19.077399417665106,20.53476865428161,21.612284441759385,18.662407545161685,18.18920067565496,26.992376596001783,27.70995862377188,19.721590888719287,13.65606234144826,8.747520855924021,11.003901121211094,16.020660561889592,19.387427006930416,22.15672475995234
708,18.441500638697285,16.56459066110092,15.7365814276699,16.829015526591203,17.46745354162091,16.084849922577625,16.096247605148413,20.803882547518565,21.172597562314667,16.05213132251295,15.54034099945091,16.798271584173097,15.579198843363386,13.606074073967829,13.973241401396141,16.886240953298763
709,25.21005018415648,22.713582396166075,20.81121881645682,19.588853582459695,19.268680457535616,20.385138423443706,20.33784931670614,17.91192528401159,16.492956125001168,16.21813191046152,14.366430466888703,11.012712396204932,13.231931680498143,20.36982628231891,21.68603508184551,18.73146438945468
710,17.521197081540098,18.450098591326327,18.80893976205515,18.32481241333397,17.60658139018419,16.567831229136548,16.282259568056286,17.719613787063526,19.091754971021363,19.954886813701933,17.907746548489197,11.707794026703363,12.449060480979346,15.430846997457763,16.965971945694513,18.106332869130885
711,19.358305811566392,17.472417158083893,16.49428089653945,17.75881343096641,18.109634829605334,13.937310449642805,12.696421448438004,16.649662467420928,19.546538106847077,21.120979117310092,18.154578149600372,10.776409634009315,11.789559571531187,15.658232815271496,16.211293924703302,15.18874648512432
712,15.759852128025681,18.080190797992323,19.15272620699008,18.476529301525446,17.772476387830267,17.196526408324296,16.610258997961513,16.04176137199993,15.098410540324757,13.572570985250255,12.516707177960168,12.199449271589025,13.673882582764906,16.691415333624732,15.56753873783663,9.579134774641833
713,13.813917717172739,17.453820356986846,18.830618520364297,15.879782910454047,14.126437501319716,14.294932552893377,14.346541995552858,14.289011347567927,14.425184982789178,15.21754483020386,14.130511587675016,9.828461230369296,10.490799582973212,12.931483323439807,14.148279659624642,15.003127215245787
714,21.03824434056323,21.0875000245365,21.0467480949749,20.849324002476035,20.578493745939213,20.287653130234883,19.67543391121739,17.92290476838502,16.944033185073373,17.21621415733778,15.614664935130794,12.281215900665519,13.271376339022789,16.5681828991456,17.55297612123012,17.37615385746222
715,21.760915042705385,21.687911793964485,21.53757134472725,21.1594907944686,20.911423870129358,22.690302223715275,22.993741576398826,18.603442088018635,16.270788418520294,15.32112358405117,15.575404510970268,16.561088341218483,19.135463130559845,23.077349595534,23.78514677151308,21.073434693875136
716,21.98966972207197,23.190266021888302,23.731349562027667,23.065490256935885,21.529798324914676,18.164996314813703,17.082209275454368,20.132183829076144,21.783554985078823,22.287123829723477,20.87709811968943,18.160295286734446,15.896231648650081,14.297818235624689,16.384984167898114,23.722981029096253
717,15.341877095784719,15.68450695003325,15.284299713472626,13.208740343660796,11.364782034282534,10.37572186951068,10.542663421663686,11.560361037722656,12.913405647652159,14.635448630827506,14.490015148271445,12.344545265940308,12.583764796086468,13.388061846542954,13.132497800452962,12.199234511402855
718,9.601751160573563,10.977011065167307,11.603992523271826,11.202739138360608,10.563091556233351,9.600244788255221,9.35474581504459,10.802950514586568,11.92897839668762,12.700286101946386,12.311187973212,11.232318339555118,10.445147554851795,9.866221841732036,10.307173655597813,12.005560846188322
719,21.882522338546913,20.050881309646847,19.180023019299114,19.956065758430427,20.212680036883274,19.40792617945872,18.919825976941414,18.835903643612365,19.143511061524805,20.13891890311431,19.13951403049863,14.9595777736048,15.438528650842025,17.57459560982818,17.05453008582164,14.80756953224861
720,22.85191097593815,20.149458845496664,18.65830389331415,18.764182899369825,19.519062578640646,21.20061791590507,21.64463325668867,19.796136870708246,18.727507183947086,18.22200606465635,18.647771160878662,19.681941457541154,18.87918774565771,16.709552774360695,15.069569755910706,13.587319317586491
721,35.993981511470984,59.12816335447709,65.05301542933377,32.49284602469493,13.811080012196086,25.690230742438473,28.948243283023093,22.89779204863195,23.703210394228698,30.181355658529988,27.933910320875487,19.469500579892753,11.23394418352171,4.085558297171315,18.81618298551143,70.20144051009353
722,20.307941752740106,19.695305368009453,19.44218679890583,19.965915587924272,20.26587480221961,19.606509039972632,18.27111493854063,15.681444060960786,15.401516284636427,18.136615667908902,18.712977584938688,18.72457525750797,18.98585933237268,19.30819180780769,19.125237739740367,18.22631967210802
723,8.8194775595203,11.962325238526264,13.292505852264473,11.553695634386457,10.322437265992278,10.06212661993083,10.396356229946798,11.484079304408198,11.367287297198557,9.37532457428755,8.693884253816334,8.414138417822404,7.895920707154052,7.283726244554625,7.647198800822387,9.496492709024249
724,14.379522819453703,17.984875737553885,19.269492283436147,15.94908670733225,13.910835850219529,14.117582332374669,14.820394732822196,15.929341493411494,16.62998732858673,16.111382797406602,13.436175516471708,7.886463758858145,9.304043889741928,14.38994025760953,15.415226159286963,14.182080360981672
725,15.861770967723425,16.519724432312444,16.875226746161395,16.624720749387677,15.752838727478181,13.330248334033474,12.442203966447334,13.16549262376259,13.825107063675016,14.381237682234978,13.292266139267346,9.535954326846277,10.636870109870289,14.230805855558607,15.074918465201774,14.330710777020482
726,13.769675359200921,18.673456594850688,20.98445438585788,19.908892949880006,18.365706608338275,16.412021856520546,14.872575773057362,14.107550682592864,14.923109661226112,17.48254207463814,17.147100269843463,14.681908752613058,14.860727899686596,15.525953456458272,15.632004568742316,15.51400033515972
727,15.118154391510956,23.18095512284207,26.323874687834763,21.169538400829204,16.57374579733755,13.639179836491808,13.649070222974586,16.097845962014578,18.420301301201974,20.68792716144679,20.254014857858778,18.07968590522037,17.870333378049494,18.21779779713014,19.097326740584702,20.46335025415484
728,16.622756820716422,19.697398903588116,20.638726029368794,17.35207801734129,14.643294910255447,14.021201242743937,15.507156298879703,20.062455933514915,20.505004917651846,16.760268862901874,14.99951043270669,13.749086337359248,12.093958732798418,10.260196527125949,11.22792767318585,16.525827556736537
729,18.710528277469546,18.79883214849585,19.51538181243909,22.26140727400732,23.730823426679944,17.947175208093867,15.474198657884296,17.002797975149036,18.225604877835327,19.263282081819142,17.923234864594516,13.74878414217973,13.283513945616868,14.278634721666771,16.176693147714026,19.042113730760953
730,19.360161315983152,20.439981471172533,20.280739250256694,17.238616954626934,15.049883182118638,15.052245287564466,16.235476263582438,18.748751008115907,18.868015775039233,15.035631811886775,15.673136095507921,19.601195336185118,19.314731277439165,17.70462665124157,19.21686077192933,23.30310037985244
731,16.464463440311178,15.926910315660745,15.483355656186243,15.495581478591964,15.13126188772494,12.2118227314512,11.130536605998067,12.350480345251938,13.506679955251709,14.598022527451226,13.834757376660631,10.932526236657353,11.519476000165266,13.414586102923572,15.205722524748689,17.247928647769804
732,16.401539919250972,17.593541254834037,17.94886500027721,16.680485228573094,15.590932632695704,15.42456904369014,14.744951037890905,12.893737341880414,12.824400846659621,15.986809088070785,15.482005139155046,12.141434704375683,13.059610231435315,15.41936476687856,17.144028935406716,18.666040392893883
733,22.09317108174658,22.687720485742993,23.347231385603415,24.18564478332311,24.59828871005391,23.730543198360486,23.347745824413444,24.858354256037927,24.36413505699989,20.128182152912387,16.957784875124702,14.5467803480873,15.061851039381681,16.25350730828345,16.4534183607737,16.200659444139625
734,17.578816614200402,19.480771662581184,19.69499385677243,16.25034902944053,13.67847401522875,13.19059784470375,13.807061878351885,15.386967288766021,18.333626339372174,23.746412835332617,22.103311012228627,11.804174542052653,11.423022796089679,14.257417006920482,18.558373430049006,24.527978446368827
735,36.2547420811111,36.19091203014015,32.99406517529305,20.752872189608176,13.363796537295018,27.66002963006403,31.332549683479154,14.99201587067029,11.900976682425856,16.324500678224183,20.118994194182665,24.09982435114262,26.764355944677686,28.043602122727684,46.436360080098844,92.48056300646448
736,23.279333808525344,21.588006241347266,21.028939755175433,23.0739218157603,24.185070462142594,21.38839965029212,20.740837742860986,23.921270416750062,26.307111999805766,27.53890887176233,25.04363734482172,18.86447510572652,16.856842944097494,16.981525838884284,19.791050551213388,25.392754643840906
737,15.422963865090045,17.239492980740426,17.155644521604017,13.134572770441551,9.36436921937366,7.6248127130017185,8.958211863164284,15.124449652690519,15.597187522261327,10.049057213875223,7.069601193751157,5.1209212446796855,5.732913867923945,7.601891086537037,10.724915318140587,15.453839886303282
738,17.42908925119088,19.183194348498535,19.61343842680581,17.013589992067068,15.476072846323609,17.630499901424063,17.810602647296786,15.04510537928171,12.742033273469199,10.826596553042826,10.595918673890216,11.099163851297988,12.20948983897078,13.789470291716318,15.903450298239443,18.719083664231697
739,22.264034130198816,22.234139005562348,21.79072503614348,20.4304527756985,19.032697764735758,18.02931038993716,17.852049825810212,18.740880736411583,18.438587282698496,16.396219156579864,16.705813619305527,18.59945924524443,20.577881717473776,22.63401830144402,22.98832858353696,21.16952719561957
740,16.277424441637223,16.439027164652465,17.399404466369347,20.70555180331458,22.75556675774655,17.610323821312374,16.206511695933553,24.094532483619105,25.57963692357552,21.863244767699484,16.140079235883615,9.203490043878269,9.937653165043594,13.854905755357063,16.08007195092596,17.92365124235523
741,17.990291871158842,20.72129669245325,20.970600896767166,15.372717865086294,12.11126681789999,13.847377442578972,14.319905836392724,13.344540350311139,13.624287255225118,15.343790137263198,14.752632614062406,11.88370723519975,11.928166342157844,13.45498372750255,15.778873016470385,19.16546081662819
742,22.507107764096794,21.02386487196564,19.831468313738522,19.361904685151366,18.4626535793196,15.753759065959429,14.937541249601548,17.890284456013692,19.64246408170707,20.051724570252716,17.94739283144151,13.652883982086967,12.134762853794872,12.574311912993938,15.54777544615474,21.572818499974222
743,14.16461711890228,14.58874605839624,15.490722541081846,17.707901126482927,18.946441456114687,16.28009327120662,14.841500161121088,15.402642282145726,17.097894794297154,20.205310400273422,18.866171902480044,11.561848054570733,9.984408107299144,11.222744432104474,15.277099481513215,22.46343926650625
744,23.25783674347703,22.894992708339938,22.825876361983703,24.035953259923172,24.525594439220672,16.457562341091137,13.572035660114215,23.369730773937444,24.62409414408836,19.357360147659943,15.894422874391266,13.140934456149235,14.859292807135054,18.296569508999305,20.171064399157313,21.381611925690727
745,22.31001493833982,23.191431948645835,23.047225186500217,21.048751575943626,18.62802203107709,16.11730721057133,14.97481292520814,14.88840277901202,15.576705418431063,16.983217213320827,16.31057936826085,13.034548262025144,10.624699961434132,8.788018227021542,9.923304182394052,14.763227019536858
746,24.08038890250484,23.826137195708547,22.7492413441768,19.25076119860109,17.2064312914246,18.859636382508466,19.480267042019314,19.030228647056664,18.681212780917292,18.463233859098462,16.90852747793877,13.197868931837126,13.935303706050309,16.689345203909745,17.60804336270658,17.764398055226817
747,18.318777011978973,18.182977960656586,18.75227488725633,21.19930940282692,22.812186414868247,22.574897678076795,21.65119419220831,20.058235118633203,19.82692119950724,21.19411386316785,21.519719175850327,20.893221387168687,23.251629861240552,28.49132523947139,27.64982827954579,20.20342369520741
748,16.20463924711273,15.252282993039762,14.632427831426092,14.49423287795874,14.31433058080988,13.749320689704243,14.395782153530472,22.753331403024198,24.111655471578704,18.92514285066222,14.775292922457412,10.859065620866385,8.378430252517063,7.867087332482777,13.051002394034201,26.544236814685007
749,11.72612919319484,10.69923182829817,10.043401264091884,9.818680024918967,9.843671309259651,10.18427861013543,10.243572201187757,9.877368801393157,9.576390625376582,9.36088255673795,8.936871013143172,8.29841738027679,7.565123165889925,6.844920012078292,7.990346890540612,12.274009840278877
750,22.92611342029584,20.658770022657027,19.633473320347754,20.406698231871363,21.190711267433944,21.834026984833613,22.06320534289575,21.24950119802663,19.24102983630579,15.179924154321258,12.950752743560203,11.732423646476493,11.98568155832281,13.379365225030964,16.819924541032716,23.284851702536447
751,23.531218101113602,23.686129145091353,22.72411533101045,18.20355544991294,16.110843212854284,22.042674506722243,29.624437262337857,37.653535274120095,36.48479569251415,16.9392459141043,17.37492102484323,29.87879480468316,26.90446231975053,20.425843147767566,18.265982533269895,18.118931784118537
